Frame ordinal,Time (s),"displacement (vertical, cm)","displacement (horizontal, cm)","velocity (vertical, m/s)","velocity (horizontal, m/s)","acceleration (vertical, m/s^2)","acceleration (horizontal, m/s^2)","power (vertical, kW)","power (horizontal, kW)","force (vertical, kN)","force (horizontal, kN)"
1,35.881,0.00,-0.00,0.18,0.03,-1.46,-0.64,0.22,0.00,1.19,0.00
2,35.915,0.67,0.22,0.18,0.03,-1.46,-0.64,0.22,0.00,1.19,0.00
3,35.948,1.36,0.38,0.18,0.03,-1.46,-0.64,0.22,0.00,1.19,0.00
4,35.981,1.96,0.44,0.14,0.00,-1.62,-0.58,0.17,0.00,1.17,0.00
5,36.015,2.38,0.38,0.08,-0.01,-2.05,-0.42,0.09,0.00,1.11,0.00
6,36.048,2.57,0.29,0.00,-0.02,-2.40,-0.18,0.00,0.00,1.06,0.00
7,36.081,2.45,0.21,-0.09,-0.03,-2.29,0.04,0.00,0.00,1.07,0.01
8,36.115,1.99,0.12,-0.16,-0.02,-1.59,0.19,0.00,0.00,1.17,0.03
9,36.148,1.25,0.04,-0.20,-0.01,-0.38,0.26,0.00,0.00,1.35,0.04
10,36.181,0.45,0.02,-0.19,-0.00,0.95,0.22,0.00,0.00,1.54,0.03
11,36.215,-0.19,0.07,-0.13,0.01,1.83,0.07,0.00,0.00,1.66,0.01
12,36.248,-0.50,0.10,-0.05,0.00,1.87,-0.10,0.00,0.00,1.67,0.00
13,36.281,-0.45,0.10,0.01,-0.00,1.19,-0.18,0.02,0.00,1.57,0.00
14,36.315,-0.24,0.08,0.04,-0.01,0.29,-0.14,0.05,0.00,1.44,0.00
15,36.348,-0.10,0.02,0.02,-0.01,-0.33,-0.03,0.03,0.00,1.35,0.00
16,36.381,-0.10,-0.04,-0.00,-0.01,-0.47,0.06,0.00,0.00,1.33,0.01
17,36.415,-0.15,-0.07,-0.02,-0.01,-0.31,0.13,0.00,0.00,1.36,0.02
18,36.448,-0.22,-0.09,-0.02,-0.00,-0.08,0.17,0.00,0.00,1.39,0.02
19,36.481,-0.29,-0.10,-0.02,0.00,0.10,0.17,0.00,0.00,1.42,0.02
20,36.515,-0.36,-0.09,-0.01,0.01,0.23,0.12,0.00,0.00,1.43,0.02
21,36.548,-0.40,-0.03,-0.00,0.01,0.27,0.03,0.00,0.00,1.44,0.00
22,36.582,-0.39,0.03,0.01,0.01,0.18,-0.04,0.01,0.00,1.43,0.00
23,36.615,-0.32,0.04,0.01,0.01,0.02,-0.12,0.02,0.00,1.40,0.00
24,36.648,-0.26,0.06,0.01,0.00,-0.09,-0.20,0.01,0.00,1.39,0.00
25,36.681,-0.25,0.10,0.00,-0.00,-0.03,-0.21,0.00,0.00,1.40,0.00
26,36.715,-0.29,0.07,0.00,-0.01,0.11,-0.11,0.00,0.00,1.42,0.00
27,36.748,-0.28,-0.04,0.01,-0.02,0.15,0.09,0.02,0.00,1.42,0.01
28,36.782,-0.19,-0.12,0.02,-0.01,0.02,0.22,0.03,0.00,1.40,0.03
29,36.815,-0.10,-0.08,0.02,0.01,-0.18,0.14,0.02,0.00,1.38,0.02
30,36.848,-0.06,-0.01,0.00,0.01,-0.29,-0.06,0.00,0.00,1.36,0.00
31,36.882,-0.09,0.01,-0.01,-0.00,-0.20,-0.17,0.00,0.00,1.37,0.00
32,36.915,-0.14,-0.04,-0.01,-0.01,0.02,-0.08,0.00,0.00,1.41,0.00
33,36.948,-0.20,-0.11,-0.01,-0.01,0.20,0.08,0.00,0.00,1.43,0.01
34,36.982,-0.22,-0.13,0.01,-0.00,0.20,0.11,0.01,0.00,1.43,0.02
35,37.015,-0.15,-0.10,0.01,0.00,0.05,-0.02,0.02,0.00,1.41,0.00
36,37.048,-0.08,-0.06,0.01,-0.00,-0.13,-0.16,0.01,0.00,1.38,0.00
37,37.082,-0.07,-0.08,-0.00,-0.01,-0.18,-0.13,0.00,0.00,1.38,0.00
38,37.115,-0.11,-0.18,-0.01,-0.02,-0.11,0.06,0.00,0.00,1.39,0.01
39,37.148,-0.15,-0.25,-0.01,-0.01,-0.06,0.24,0.00,0.00,1.39,0.03
40,37.182,-0.15,-0.24,-0.01,0.01,-0.10,0.26,0.00,0.00,1.39,0.04
41,37.215,-0.16,-0.18,-0.01,0.01,-0.19,0.13,0.00,0.00,1.37,0.02
42,37.249,-0.21,-0.12,-0.02,0.01,-0.23,-0.03,0.00,0.00,1.37,0.00
43,37.282,-0.31,-0.08,-0.03,0.01,-0.15,-0.11,0.00,0.00,1.38,0.00
44,37.315,-0.43,-0.06,-0.03,0.00,0.04,-0.10,0.00,0.00,1.41,0.00
45,37.349,-0.56,-0.06,-0.03,0.00,0.22,-0.06,0.00,0.00,1.43,0.00
46,37.382,-0.65,-0.05,-0.02,0.00,0.30,-0.01,0.00,0.00,1.44,0.00
47,37.415,-0.67,-0.04,-0.00,0.00,0.27,0.05,0.00,0.00,1.44,0.01
48,37.448,-0.64,-0.05,0.00,0.00,0.21,0.09,0.00,0.00,1.43,0.01
49,37.482,-0.64,-0.04,0.01,0.01,0.16,0.09,0.01,0.00,1.42,0.01
50,37.515,-0.62,0.02,0.01,0.01,0.11,0.04,0.02,0.00,1.42,0.01
51,37.549,-0.55,0.07,0.02,0.01,0.04,-0.02,0.02,0.00,1.41,0.00
52,37.582,-0.46,0.09,0.02,0.01,-0.03,-0.06,0.02,0.00,1.40,0.00
53,37.615,-0.43,0.11,0.01,0.01,-0.05,-0.10,0.02,0.00,1.39,0.00
54,37.649,-0.41,0.15,0.01,0.00,-0.04,-0.15,0.02,0.00,1.40,0.00
55,37.682,-0.37,0.17,0.01,-0.00,-0.05,-0.18,0.02,0.00,1.40,0.00
56,37.715,-0.31,0.13,0.01,-0.01,-0.06,-0.11,0.01,0.00,1.39,0.00
57,37.749,-0.28,0.06,0.01,-0.01,-0.03,0.03,0.01,0.00,1.40,0.00
58,37.782,-0.29,0.02,0.01,-0.01,0.05,0.14,0.01,0.00,1.41,0.02
59,37.815,-0.28,0.01,0.01,-0.00,0.06,0.11,0.01,0.00,1.41,0.02
60,37.849,-0.22,0.03,0.01,0.00,-0.03,-0.03,0.02,0.00,1.40,0.00
61,37.882,-0.14,0.06,0.01,-0.00,-0.14,-0.16,0.01,0.00,1.38,0.00
62,37.915,-0.13,0.04,0.00,-0.01,-0.15,-0.15,0.00,0.00,1.38,0.00
63,37.949,-0.16,-0.04,-0.00,-0.02,-0.06,-0.03,0.00,0.00,1.39,0.00
64,37.982,-0.19,-0.12,-0.00,-0.01,0.03,0.10,0.00,0.00,1.41,0.01
65,38.015,-0.18,-0.14,0.00,-0.01,0.06,0.18,0.00,0.00,1.41,0.03
66,38.049,-0.17,-0.13,0.00,-0.00,-0.01,0.19,0.00,0.00,1.40,0.03
67,38.082,-0.16,-0.14,0.00,0.01,-0.12,0.15,0.00,0.00,1.38,0.02
68,38.115,-0.15,-0.12,-0.01,0.01,-0.21,0.10,0.00,0.00,1.37,0.01
69,38.149,-0.17,-0.05,-0.02,0.01,-0.21,0.05,0.00,0.00,1.37,0.01
70,38.182,-0.25,-0.01,-0.02,0.01,-0.12,-0.02,0.00,0.00,1.38,0.00
71,38.216,-0.36,0.02,-0.02,0.01,0.00,-0.09,0.00,0.00,1.40,0.00
72,38.249,-0.43,0.06,-0.02,0.01,0.11,-0.13,0.00,0.00,1.42,0.00
73,38.282,-0.48,0.09,-0.02,0.00,0.17,-0.11,0.00,0.00,1.43,0.00
74,38.316,-0.54,0.07,-0.01,-0.00,0.21,-0.04,0.00,0.00,1.43,0.00
75,38.349,-0.57,0.04,-0.00,-0.00,0.18,0.05,0.00,0.00,1.43,0.01
76,38.382,-0.54,0.05,0.01,0.00,0.08,0.10,0.01,0.00,1.41,0.01
77,38.416,-0.50,0.07,0.01,0.01,-0.06,0.09,0.01,0.00,1.39,0.01
78,38.449,-0.48,0.10,0.00,0.01,-0.14,0.04,0.00,0.00,1.38,0.01
79,38.482,-0.50,0.13,-0.01,0.01,-0.13,0.00,0.00,0.00,1.38,0.00
80,38.516,-0.54,0.16,-0.01,0.01,-0.06,-0.06,0.00,0.00,1.39,0.00
81,38.549,-0.57,0.20,-0.01,0.01,0.02,-0.13,0.00,0.00,1.41,0.00
82,38.582,-0.60,0.22,-0.01,-0.00,0.10,-0.16,0.00,0.00,1.42,0.00
83,38.616,-0.64,0.21,-0.00,-0.01,0.13,-0.11,0.00,0.00,1.42,0.00
84,38.649,-0.64,0.15,0.00,-0.01,0.14,-0.04,0.00,0.00,1.42,0.00
85,38.682,-0.60,0.12,0.01,-0.01,0.22,-0.01,0.01,0.00,1.43,0.00
86,38.716,-0.58,0.13,0.01,-0.01,0.58,-0.02,0.02,0.00,1.48,0.00
87,38.749,-0.57,0.10,0.03,-0.01,1.30,-0.01,0.05,0.00,1.59,0.00
88,38.782,-0.47,0.04,0.09,-0.01,2.19,0.06,0.16,0.00,1.71,0.01
89,38.816,-0.09,0.01,0.19,-0.01,2.87,0.17,0.34,0.00,1.81,0.02
90,38.849,0.71,0.01,0.30,0.00,2.99,0.24,0.54,0.00,1.83,0.03
91,38.883,1.93,0.02,0.40,0.01,2.44,0.21,0.70,0.00,1.75,0.03
92,38.916,3.47,0.08,0.47,0.02,1.26,0.06,0.75,0.00,1.58,0.01
93,38.949,5.20,0.18,0.49,0.02,-0.40,-0.14,0.66,0.00,1.34,0.00
94,38.983,6.94,0.25,0.45,0.01,-2.31,-0.36,0.48,0.00,1.07,0.00
95,39.016,8.43,0.25,0.34,-0.01,-4.05,-0.49,0.28,0.00,0.82,0.00
96,39.049,9.39,0.20,0.17,-0.03,-5.02,-0.49,0.11,0.00,0.69,0.00
97,39.083,9.62,0.08,-0.03,-0.04,-4.71,-0.37,0.00,0.00,0.73,0.00
98,39.116,9.12,-0.11,-0.18,-0.05,-3.11,-0.20,0.00,0.00,0.96,0.00
99,39.149,8.14,-0.30,-0.25,-0.06,-0.80,0.01,0.00,0.00,1.29,0.00
100,39.183,7.12,-0.48,-0.23,-0.05,1.29,0.23,0.00,0.00,1.59,0.03
101,39.216,6.43,-0.67,-0.14,-0.04,2.44,0.36,0.00,0.00,1.75,0.05
102,39.249,6.17,-0.79,-0.04,-0.02,2.42,0.33,0.00,0.00,1.75,0.05
103,39.283,6.27,-0.81,0.04,-0.01,1.52,0.14,0.07,0.00,1.62,0.02
104,39.316,6.58,-0.81,0.07,-0.01,0.31,-0.10,0.10,0.00,1.45,0.00
105,39.349,6.91,-0.87,0.06,-0.02,-0.71,-0.27,0.07,0.00,1.30,0.00
106,39.383,7.04,-0.98,0.01,-0.04,-1.24,-0.31,0.01,0.00,1.22,0.00
107,39.416,6.97,-1.11,-0.04,-0.05,-1.15,-0.24,0.00,0.00,1.24,0.00
108,39.449,6.74,-1.28,-0.08,-0.05,-0.58,-0.12,0.00,0.00,1.32,0.00
109,39.483,6.37,-1.47,-0.08,-0.05,0.17,-0.03,0.00,0.00,1.43,0.00
110,39.516,6.05,-1.66,-0.06,-0.05,0.73,0.02,0.00,0.00,1.51,0.00
111,39.550,5.92,-1.81,-0.02,-0.05,0.87,-0.00,0.00,0.00,1.53,0.00
112,39.583,5.94,-1.97,0.01,-0.05,0.56,-0.08,0.01,0.00,1.48,0.00
113,39.616,6.04,-2.15,0.02,-0.06,0.10,-0.16,0.02,0.00,1.42,0.00
114,39.649,6.13,-2.34,0.01,-0.06,-0.18,-0.22,0.01,0.00,1.38,0.00
115,39.683,6.11,-2.55,-0.00,-0.07,-0.28,-0.25,0.00,0.00,1.36,0.00
116,39.716,6.05,-2.81,-0.01,-0.08,-0.37,-0.26,0.00,0.00,1.35,0.00
117,39.749,6.06,-3.10,-0.02,-0.09,-0.46,-0.28,0.00,0.00,1.34,0.00
118,39.783,6.00,-3.39,-0.04,-0.10,-0.44,-0.27,0.00,0.00,1.34,0.00
119,39.816,5.76,-3.73,-0.06,-0.11,-0.18,-0.23,0.00,0.00,1.38,0.00
120,39.850,5.48,-4.12,-0.06,-0.11,0.21,-0.19,0.00,0.00,1.43,0.00
121,39.883,5.30,-4.52,-0.04,-0.12,0.40,-0.22,0.00,0.00,1.46,0.00
122,39.916,5.24,-4.91,-0.02,-0.12,0.26,-0.38,0.00,0.00,1.44,0.00
123,39.950,5.23,-5.31,-0.02,-0.14,-0.01,-0.58,0.00,0.00,1.40,0.00
124,39.983,5.15,-5.81,-0.03,-0.17,-0.21,-0.63,0.00,0.00,1.37,0.00
125,40.016,5.02,-6.43,-0.04,-0.19,-0.29,-0.51,0.00,0.00,1.36,0.00
126,40.050,4.89,-7.14,-0.05,-0.20,-0.27,-0.26,0.00,0.00,1.36,0.00
127,40.083,4.74,-7.82,-0.06,-0.21,-0.09,0.01,0.00,0.00,1.39,0.00
128,40.116,4.51,-8.50,-0.06,-0.20,0.27,0.23,0.00,0.00,1.44,0.03
129,40.150,4.26,-9.19,-0.04,-0.19,0.65,0.31,0.00,0.00,1.49,0.04
130,40.183,4.14,-9.81,-0.01,-0.18,0.78,0.15,0.00,0.00,1.51,0.02
131,40.216,4.22,-10.33,0.02,-0.17,0.54,-0.22,0.03,0.00,1.48,0.00
132,40.250,4.39,-10.86,0.03,-0.19,0.13,-0.55,0.05,0.00,1.42,0.00
133,40.283,4.49,-11.54,0.02,-0.22,-0.16,-0.55,0.03,0.00,1.38,0.00
134,40.317,4.54,-12.37,0.01,-0.24,-0.15,-0.21,0.02,0.00,1.38,0.00
135,40.350,4.56,-13.23,0.01,-0.23,0.07,0.19,0.01,0.00,1.41,0.03
136,40.383,4.57,-13.98,0.02,-0.22,0.29,0.28,0.03,0.00,1.44,0.04
137,40.416,4.64,-14.65,0.03,-0.20,0.46,-0.10,0.05,0.00,1.47,0.00
138,40.450,4.81,-15.27,0.05,-0.22,0.64,-0.71,0.07,0.00,1.49,0.00
139,40.483,4.99,-15.97,0.07,-0.26,0.86,-1.07,0.11,0.00,1.52,0.00
140,40.517,5.22,-16.91,0.11,-0.30,1.02,-0.86,0.16,0.00,1.55,0.00
141,40.550,5.64,-18.10,0.15,-0.33,0.95,-0.23,0.23,0.00,1.54,0.00
142,40.583,6.25,-19.27,0.18,-0.32,0.58,0.37,0.27,0.00,1.48,0.05
143,40.617,6.92,-20.24,0.19,-0.29,0.10,0.64,0.27,0.00,1.42,0.09
144,40.650,7.57,-21.11,0.18,-0.27,-0.23,0.67,0.25,0.00,1.37,0.10
145,40.683,8.12,-21.99,0.17,-0.25,-0.43,0.70,0.22,0.00,1.34,0.10
146,40.717,8.64,-22.83,0.15,-0.22,-0.69,0.77,0.20,0.00,1.30,0.11
147,40.750,9.17,-23.52,0.13,-0.19,-1.05,0.71,0.16,0.00,1.25,0.10
148,40.783,9.60,-24.06,0.08,-0.17,-1.31,0.51,0.10,0.00,1.22,0.07
149,40.817,9.77,-24.58,0.03,-0.16,-1.28,0.33,0.04,0.00,1.22,0.05
150,40.850,9.71,-25.13,-0.01,-0.15,-1.07,0.30,0.00,0.00,1.25,0.04
151,40.883,9.61,-25.65,-0.04,-0.14,-0.86,0.33,0.00,0.00,1.28,0.05
152,40.917,9.51,-26.08,-0.06,-0.13,-0.67,0.28,0.00,0.00,1.31,0.04
153,40.950,9.24,-26.46,-0.09,-0.12,-0.40,0.13,0.00,0.00,1.34,0.02
154,40.983,8.83,-26.85,-0.10,-0.12,-0.11,-0.03,0.00,0.00,1.39,0.00
155,41.017,8.49,-27.25,-0.09,-0.12,0.01,-0.10,0.00,0.00,1.40,0.00
156,41.050,8.29,-27.67,-0.08,-0.13,-0.14,-0.06,0.00,0.00,1.38,0.00
157,41.083,8.05,-28.11,-0.10,-0.13,-0.33,-0.01,0.00,0.00,1.35,0.00
158,41.117,7.65,-28.55,-0.12,-0.13,-0.30,0.02,0.00,0.00,1.36,0.00
159,41.150,7.20,-28.95,-0.12,-0.13,-0.04,0.06,0.00,0.00,1.40,0.01
160,41.184,6.79,-29.38,-0.12,-0.12,0.24,0.11,0.00,0.00,1.44,0.02
161,41.217,6.42,-29.82,-0.10,-0.12,0.41,0.12,0.00,0.00,1.46,0.02
162,41.250,6.10,-30.20,-0.09,-0.11,0.52,0.06,0.00,0.00,1.48,0.01
163,41.283,5.82,-30.54,-0.07,-0.11,0.58,-0.03,0.00,0.00,1.49,0.00
164,41.317,5.62,-30.93,-0.05,-0.12,0.52,-0.09,0.00,0.00,1.48,0.00
165,41.350,5.51,-31.35,-0.03,-0.12,0.31,-0.05,0.00,0.00,1.45,0.00
166,41.384,5.48,-31.76,-0.02,-0.12,0.08,0.01,0.00,0.00,1.41,0.00
167,41.417,5.40,-32.17,-0.03,-0.12,-0.04,0.02,0.00,0.00,1.40,0.00
168,41.450,5.27,-32.55,-0.03,-0.12,-0.03,0.01,0.00,0.00,1.40,0.00
169,41.484,5.15,-32.95,-0.03,-0.12,0.07,0.07,0.00,0.00,1.41,0.01
170,41.517,5.07,-33.37,-0.03,-0.12,0.20,0.19,0.00,0.00,1.43,0.03
171,41.550,4.98,-33.77,-0.02,-0.11,0.33,0.32,0.00,0.00,1.45,0.05
172,41.584,4.91,-34.10,-0.00,-0.09,0.41,0.38,0.00,0.00,1.46,0.05
173,41.617,4.92,-34.38,0.01,-0.08,0.38,0.38,0.02,0.00,1.46,0.05
174,41.650,5.02,-34.63,0.03,-0.07,0.24,0.39,0.04,0.00,1.44,0.06
175,41.684,5.14,-34.86,0.03,-0.06,0.09,0.42,0.04,0.00,1.41,0.06
176,41.717,5.23,-35.03,0.03,-0.04,0.03,0.33,0.04,0.00,1.41,0.05
177,41.750,5.30,-35.12,0.03,-0.03,0.03,0.04,0.04,0.00,1.41,0.01
178,41.784,5.40,-35.16,0.03,-0.03,0.01,-0.36,0.04,0.00,1.40,0.00
179,41.817,5.53,-35.26,0.03,-0.06,-0.05,-0.57,0.04,0.00,1.39,0.00
180,41.851,5.64,-35.51,0.03,-0.08,-0.03,-0.34,0.04,0.00,1.40,0.00
181,41.884,5.70,-35.88,0.02,-0.09,0.13,0.24,0.03,0.00,1.42,0.03
182,41.917,5.75,-36.23,0.03,-0.07,0.34,0.75,0.05,0.00,1.45,0.11
183,41.950,5.87,-36.39,0.05,-0.03,0.42,0.83,0.07,0.00,1.46,0.12
184,41.984,6.10,-36.35,0.07,0.00,0.28,0.46,0.10,0.00,1.44,0.07
185,42.017,6.37,-36.26,0.07,0.01,0.04,-0.05,0.10,0.00,1.41,0.00
186,42.050,6.62,-36.25,0.07,-0.01,-0.11,-0.34,0.09,0.00,1.39,0.00
187,42.084,6.81,-36.32,0.06,-0.03,-0.13,-0.26,0.08,0.00,1.38,0.00
188,42.117,6.98,-36.45,0.06,-0.03,-0.10,0.03,0.08,0.00,1.39,0.00
189,42.151,7.18,-36.58,0.06,-0.02,-0.11,0.29,0.08,0.00,1.39,0.04
190,42.184,7.39,-36.63,0.05,-0.01,-0.15,0.37,0.07,0.00,1.38,0.05
191,42.217,7.53,-36.59,0.04,0.01,-0.21,0.28,0.06,0.00,1.37,0.04
192,42.251,7.65,-36.54,0.04,0.01,-0.28,0.11,0.05,0.00,1.36,0.02
193,42.284,7.79,-36.49,0.03,0.01,-0.37,-0.07,0.04,0.00,1.35,0.00
194,42.317,7.88,-36.44,0.01,0.01,-0.47,-0.19,0.02,0.00,1.34,0.00
195,42.351,7.87,-36.41,-0.01,-0.00,-0.50,-0.19,0.00,0.00,1.33,0.00
196,42.384,7.82,-36.44,-0.02,-0.01,-0.41,-0.06,0.00,0.00,1.34,0.00
197,42.417,7.72,-36.50,-0.04,-0.01,-0.23,0.11,0.00,0.00,1.37,0.02
198,42.450,7.57,-36.53,-0.04,0.00,-0.04,0.18,0.00,0.00,1.40,0.03
199,42.484,7.41,-36.48,-0.04,0.01,0.08,0.08,0.00,0.00,1.41,0.01
200,42.518,7.32,-36.41,-0.03,0.01,0.09,-0.08,0.00,0.00,1.41,0.00
201,42.551,7.24,-36.38,-0.03,0.00,0.05,-0.16,0.00,0.00,1.41,0.00
202,42.584,7.14,-36.41,-0.03,-0.00,0.03,-0.14,0.00,0.00,1.41,0.00
203,42.617,7.03,-36.45,-0.03,-0.01,0.04,-0.10,0.00,0.00,1.41,0.00
204,42.651,6.93,-36.45,-0.02,-0.01,0.01,-0.10,0.00,0.00,1.40,0.00
205,42.684,6.88,-36.47,-0.02,-0.01,-0.10,-0.07,0.00,0.00,1.39,0.00
206,42.717,6.81,-36.55,-0.03,-0.02,-0.21,0.04,0.00,0.00,1.37,0.01
207,42.751,6.68,-36.64,-0.04,-0.01,-0.21,0.17,0.00,0.00,1.37,0.02
208,42.784,6.51,-36.67,-0.05,-0.00,-0.09,0.20,0.00,0.00,1.39,0.03
209,42.817,6.33,-36.62,-0.05,0.00,0.11,0.12,0.00,0.00,1.42,0.02
210,42.851,6.16,-36.59,-0.04,0.01,0.27,0.04,0.00,0.00,1.44,0.01
211,42.884,6.03,-36.60,-0.03,0.00,0.32,0.04,0.00,0.00,1.45,0.01
212,42.918,5.97,-36.59,-0.02,0.01,0.26,0.06,0.00,0.00,1.44,0.01
213,42.951,5.96,-36.56,-0.01,0.01,0.20,0.03,0.00,0.00,1.43,0.00
214,42.984,5.92,-36.50,-0.01,0.01,0.20,-0.04,0.00,0.00,1.43,0.00
215,43.017,5.88,-36.46,0.00,0.01,0.23,-0.06,0.00,0.00,1.43,0.00
216,43.051,5.90,-36.47,0.01,0.00,0.21,-0.02,0.02,0.00,1.43,0.00
217,43.084,5.98,-36.47,0.02,0.01,0.11,0.02,0.03,0.00,1.42,0.00
218,43.118,6.05,-36.43,0.02,0.01,-0.01,-0.02,0.03,0.00,1.40,0.00
219,43.151,6.11,-36.39,0.01,0.01,-0.04,-0.12,0.02,0.00,1.40,0.00
220,43.184,6.14,-36.37,0.01,-0.00,0.04,-0.22,0.02,0.00,1.41,0.00
221,43.218,6.18,-36.39,0.02,-0.01,0.16,-0.22,0.02,0.00,1.42,0.00
222,43.251,6.24,-36.45,0.02,-0.02,0.24,-0.16,0.03,0.00,1.44,0.00
223,43.284,6.33,-36.52,0.03,-0.02,0.20,-0.07,0.05,0.00,1.43,0.00
224,43.318,6.47,-36.59,0.04,-0.02,0.04,0.05,0.06,0.00,1.41,0.01
225,43.351,6.64,-36.67,0.04,-0.02,-0.17,0.18,0.05,0.00,1.38,0.03
226,43.384,6.77,-36.75,0.03,-0.01,-0.31,0.26,0.04,0.00,1.36,0.04
227,43.418,6.84,-36.77,0.01,0.00,-0.30,0.23,0.02,0.00,1.36,0.03
228,43.451,6.84,-36.72,0.00,0.01,-0.20,0.09,0.01,0.00,1.37,0.01
229,43.484,6.84,-36.67,0.00,0.01,-0.07,-0.06,0.00,0.00,1.39,0.00
230,43.518,6.85,-36.65,0.00,0.00,0.03,-0.14,0.00,0.00,1.41,0.00
231,43.551,6.85,-36.67,0.00,-0.00,0.05,-0.12,0.01,0.00,1.41,0.00
232,43.585,6.86,-36.70,0.01,-0.01,-0.01,-0.07,0.01,0.00,1.40,0.00
233,43.618,6.91,-36.71,0.01,-0.01,-0.10,-0.02,0.01,0.00,1.39,0.00
234,43.651,6.94,-36.74,-0.00,-0.01,-0.21,0.05,0.00,0.00,1.37,0.01
235,43.685,6.90,-36.79,-0.01,-0.01,-0.28,0.15,0.00,0.00,1.36,0.02
236,43.718,6.85,-36.81,-0.02,0.00,-0.26,0.23,0.00,0.00,1.36,0.03
237,43.751,6.78,-36.79,-0.03,0.01,-0.16,0.20,0.00,0.00,1.38,0.03
238,43.785,6.66,-36.73,-0.03,0.02,0.00,0.03,0.00,0.00,1.40,0.00
239,43.818,6.51,-36.64,-0.03,0.01,0.13,-0.19,0.00,0.00,1.42,0.00
240,43.851,6.44,-36.58,-0.02,0.00,0.17,-0.30,0.00,0.00,1.43,0.00
241,43.885,6.41,-36.61,-0.01,-0.01,0.10,-0.25,0.00,0.00,1.42,0.00
242,43.918,6.37,-36.69,-0.01,-0.02,0.02,-0.06,0.00,0.00,1.40,0.00
243,43.951,6.31,-36.76,-0.02,-0.01,-0.01,0.14,0.00,0.00,1.40,0.02
244,43.985,6.25,-36.79,-0.02,-0.00,-0.01,0.21,0.00,0.00,1.40,0.03
245,44.018,6.21,-36.79,-0.01,0.00,-0.04,0.14,0.00,0.00,1.40,0.02
246,44.051,6.16,-36.75,-0.02,0.01,-0.07,0.00,0.00,0.00,1.39,0.00
247,44.085,6.10,-36.71,-0.02,0.00,-0.06,-0.11,0.00,0.00,1.39,0.00
248,44.118,6.02,-36.73,-0.02,-0.00,0.05,-0.15,0.00,0.00,1.41,0.00
249,44.151,5.93,-36.76,-0.02,-0.01,0.22,-0.09,0.00,0.00,1.43,0.00
250,44.185,5.86,-36.78,-0.01,-0.01,0.39,0.08,0.00,0.00,1.46,0.01
251,44.218,5.85,-36.83,0.01,-0.01,0.47,0.28,0.01,0.00,1.47,0.04
252,44.251,5.91,-36.87,0.03,0.01,0.45,0.39,0.04,0.00,1.47,0.06
253,44.285,6.04,-36.80,0.04,0.03,0.33,0.33,0.06,0.00,1.45,0.05
254,44.318,6.20,-36.64,0.05,0.04,0.16,0.13,0.07,0.00,1.42,0.02
255,44.351,6.38,-36.51,0.05,0.03,-0.01,-0.09,0.07,0.00,1.40,0.00
256,44.385,6.55,-36.42,0.05,0.03,-0.16,-0.22,0.07,0.00,1.38,0.00
257,44.418,6.71,-36.34,0.04,0.02,-0.26,-0.24,0.05,0.00,1.36,0.00
258,44.451,6.82,-36.28,0.03,0.01,-0.29,-0.18,0.04,0.00,1.36,0.00
259,44.485,6.89,-36.28,0.02,0.00,-0.24,-0.09,0.02,0.00,1.37,0.00
260,44.518,6.93,-36.30,0.01,0.00,-0.13,-0.02,0.01,0.00,1.38,0.00
261,44.552,6.95,-36.27,0.01,0.01,-0.05,-0.00,0.01,0.00,1.39,0.00
262,44.585,6.97,-36.23,0.01,0.00,-0.04,-0.04,0.01,0.00,1.40,0.00
263,44.618,7.02,-36.23,0.01,0.00,-0.08,-0.06,0.01,0.00,1.39,0.00
264,44.652,7.06,-36.24,0.00,-0.00,-0.07,-0.04,0.00,0.00,1.39,0.00
265,44.685,7.04,-36.24,-0.00,-0.00,0.03,-0.00,0.00,0.00,1.41,0.00
266,44.718,7.01,-36.23,0.00,-0.00,0.15,0.04,0.01,0.00,1.42,0.01
267,44.751,7.04,-36.24,0.01,0.00,0.16,0.09,0.02,0.00,1.42,0.01
268,44.785,7.12,-36.24,0.02,0.01,0.03,0.10,0.03,0.00,1.41,0.01
269,44.818,7.21,-36.21,0.02,0.01,-0.09,0.08,0.02,0.00,1.39,0.01
270,44.852,7.24,-36.16,0.01,0.01,-0.07,0.04,0.01,0.00,1.39,0.01
271,44.885,7.23,-36.12,0.01,0.01,0.01,0.02,0.01,0.00,1.40,0.00
272,44.918,7.24,-36.10,0.01,0.01,-0.02,0.01,0.02,0.00,1.40,0.00
273,44.952,7.33,-36.06,0.01,0.01,-0.30,-0.03,0.02,0.00,1.36,0.00
274,44.985,7.39,-35.98,-0.00,0.01,-0.79,-0.12,0.00,0.00,1.29,0.00
275,45.018,7.37,-35.95,-0.04,0.00,-1.21,-0.19,0.00,0.00,1.23,0.00
276,45.052,7.19,-35.96,-0.09,-0.00,-1.20,-0.16,0.00,0.00,1.23,0.00
277,45.085,6.76,-35.99,-0.14,-0.01,-0.61,-0.06,0.00,0.00,1.31,0.00
278,45.118,6.16,-36.02,-0.14,-0.01,0.33,0.02,0.00,0.00,1.45,0.00
279,45.152,5.63,-36.05,-0.11,-0.00,1.17,0.03,0.00,0.00,1.57,0.00
280,45.185,5.35,-36.04,-0.05,-0.00,1.52,0.04,0.00,0.00,1.62,0.01
281,45.219,5.32,-36.05,0.01,-0.00,1.28,0.11,0.01,0.00,1.58,0.02
282,45.252,5.45,-36.09,0.04,0.00,0.68,0.20,0.06,0.00,1.50,0.03
283,45.285,5.67,-36.09,0.05,0.01,0.02,0.23,0.07,0.00,1.40,0.03
284,45.318,5.86,-36.01,0.04,0.02,-0.48,0.15,0.05,0.00,1.33,0.02
285,45.352,5.96,-35.91,0.01,0.02,-0.70,-0.01,0.02,0.00,1.30,0.00
286,45.385,5.95,-35.85,-0.02,0.02,-0.62,-0.16,0.00,0.00,1.31,0.00
287,45.418,5.84,-35.80,-0.03,0.01,-0.26,-0.22,0.00,0.00,1.36,0.00
288,45.452,5.66,-35.76,-0.04,0.00,0.21,-0.19,0.00,0.00,1.43,0.00
289,45.485,5.52,-35.78,-0.02,-0.01,0.58,-0.06,0.00,0.00,1.49,0.00
290,45.519,5.50,-35.83,0.01,-0.00,0.66,0.15,0.02,0.00,1.50,0.02
291,45.552,5.61,-35.85,0.04,0.01,0.37,0.29,0.05,0.00,1.45,0.04
292,45.585,5.79,-35.81,0.04,0.02,-0.14,0.26,0.06,0.00,1.38,0.04
293,45.619,5.96,-35.70,0.02,0.03,-0.59,0.07,0.03,0.00,1.32,0.01
294,45.652,6.01,-35.57,-0.01,0.03,-0.74,-0.14,0.00,0.00,1.30,0.00
295,45.685,5.90,-35.50,-0.03,0.02,-0.56,-0.24,0.00,0.00,1.32,0.00
296,45.719,5.71,-35.49,-0.05,0.00,-0.22,-0.18,0.00,0.00,1.37,0.00
297,45.752,5.54,-35.49,-0.05,0.00,0.10,-0.02,0.00,0.00,1.42,0.00
298,45.785,5.39,-35.49,-0.04,0.00,0.31,0.09,0.00,0.00,1.45,0.01
299,45.819,5.27,-35.47,-0.02,0.01,0.37,0.10,0.00,0.00,1.45,0.01
300,45.852,5.21,-35.42,-0.01,0.01,0.30,0.04,0.00,0.00,1.44,0.01
301,45.885,5.22,-35.35,-0.00,0.01,0.10,-0.00,0.00,0.00,1.42,0.00
302,45.919,5.25,-35.33,-0.00,0.01,-0.14,0.02,0.00,0.00,1.38,0.00
303,45.952,5.24,-35.31,-0.01,0.01,-0.27,0.08,0.00,0.00,1.36,0.01
304,45.985,5.17,-35.26,-0.03,0.02,-0.20,0.09,0.00,0.00,1.37,0.01
305,46.019,5.05,-35.18,-0.03,0.02,0.03,0.04,0.00,0.00,1.41,0.01
306,46.052,4.92,-35.10,-0.02,0.02,0.26,-0.03,0.00,0.00,1.44,0.00
307,46.085,4.85,-35.04,-0.01,0.02,0.38,-0.06,0.00,0.00,1.46,0.00
308,46.119,4.87,-35.00,0.00,0.02,0.38,-0.07,0.01,0.00,1.46,0.00
309,46.152,4.91,-34.95,0.02,0.01,0.33,-0.08,0.02,0.00,1.45,0.00
310,46.186,4.97,-34.89,0.03,0.01,0.19,-0.04,0.04,0.00,1.43,0.00
311,46.219,5.07,-34.88,0.03,0.01,-0.11,0.07,0.05,0.00,1.39,0.01
312,46.252,5.23,-34.88,0.03,0.01,-0.59,0.21,0.03,0.00,1.32,0.03
313,46.286,5.33,-34.83,-0.00,0.02,-1.13,0.24,0.00,0.00,1.24,0.03
314,46.319,5.26,-34.70,-0.05,0.03,-1.54,0.18,0.00,0.00,1.18,0.03
315,46.352,4.98,-34.55,-0.11,0.04,-1.76,0.10,0.00,0.00,1.15,0.01
316,46.386,4.50,-34.45,-0.17,0.04,-1.90,0.09,0.00,0.00,1.13,0.01
317,46.419,3.83,-34.35,-0.24,0.04,-2.09,0.12,0.00,0.00,1.10,0.02
318,46.452,2.94,-34.19,-0.31,0.05,-2.33,0.13,0.00,0.00,1.07,0.02
319,46.486,1.80,-34.00,-0.39,0.05,-2.50,0.08,0.00,0.00,1.05,0.01
320,46.519,0.35,-33.84,-0.48,0.05,-2.46,0.03,0.00,0.00,1.05,0.00
321,46.552,-1.44,-33.68,-0.56,0.05,-2.14,0.06,0.00,0.00,1.10,0.01
322,46.586,-3.48,-33.50,-0.63,0.05,-1.50,0.18,0.00,0.00,1.19,0.03
323,46.619,-5.70,-33.32,-0.67,0.06,-0.65,0.32,0.00,0.00,1.31,0.05
324,46.652,-8.06,-33.12,-0.67,0.08,0.14,0.36,0.00,0.00,1.42,0.05
325,46.686,-10.33,-32.83,-0.65,0.09,0.67,0.22,0.00,0.00,1.50,0.03
326,46.719,-12.41,-32.46,-0.62,0.10,0.86,-0.09,0.00,0.00,1.52,0.00
327,46.752,-14.42,-32.11,-0.59,0.09,0.74,-0.38,0.00,0.00,1.51,0.00
328,46.786,-16.37,-31.86,-0.57,0.06,0.42,-0.47,0.00,0.00,1.46,0.00
329,46.819,-18.19,-31.70,-0.56,0.05,0.06,-0.32,0.00,0.00,1.41,0.00
330,46.853,-20.01,-31.58,-0.57,0.04,-0.21,-0.10,0.00,0.00,1.37,0.00
331,46.886,-21.94,-31.46,-0.58,0.04,-0.28,0.02,0.00,0.00,1.36,0.00
332,46.919,-23.92,-31.29,-0.59,0.05,-0.10,0.02,0.00,0.00,1.39,0.00
333,46.953,-25.91,-31.11,-0.59,0.05,0.17,0.04,0.00,0.00,1.43,0.01
334,46.986,-27.88,-30.97,-0.58,0.05,0.35,0.15,0.00,0.00,1.45,0.02
335,47.019,-29.78,-30.85,-0.56,0.05,0.39,0.26,0.00,0.00,1.46,0.04
336,47.052,-31.61,-30.66,-0.55,0.07,0.30,0.23,0.00,0.00,1.44,0.03
337,47.086,-33.41,-30.37,-0.54,0.08,0.12,-0.00,0.00,0.00,1.42,0.00
338,47.119,-35.19,-30.08,-0.54,0.07,-0.02,-0.29,0.00,0.00,1.40,0.00
339,47.153,-37.00,-29.87,-0.55,0.05,0.00,-0.48,0.00,0.00,1.40,0.00
340,47.186,-38.83,-29.76,-0.55,0.03,0.23,-0.52,0.00,0.00,1.43,0.00
341,47.219,-40.69,-29.67,-0.53,0.02,0.51,-0.42,0.00,0.00,1.47,0.00
342,47.253,-42.46,-29.63,-0.51,0.00,0.62,-0.20,0.00,0.00,1.49,0.00
343,47.286,-44.07,-29.68,-0.48,-0.00,0.49,0.05,0.00,0.00,1.47,0.01
344,47.319,-45.60,-29.71,-0.47,0.01,0.33,0.25,0.00,0.00,1.45,0.04
345,47.353,-47.18,-29.63,-0.47,0.02,0.42,0.33,0.00,0.00,1.46,0.05
346,47.386,-48.78,-29.52,-0.46,0.03,0.89,0.29,0.00,0.00,1.53,0.04
347,47.419,-50.30,-29.43,-0.42,0.04,1.62,0.18,0.00,0.00,1.63,0.03
348,47.453,-51.63,-29.28,-0.35,0.05,2.38,-0.02,0.00,0.00,1.74,0.00
349,47.486,-52.68,-29.08,-0.25,0.04,2.94,-0.27,0.00,0.00,1.82,0.00
350,47.520,-53.37,-28.92,-0.14,0.03,3.19,-0.42,0.00,0.00,1.86,0.00
351,47.553,-53.65,-28.89,-0.03,0.01,3.13,-0.33,0.00,0.00,1.85,0.00
352,47.586,-53.54,-28.95,0.07,-0.00,2.88,-0.11,0.13,0.00,1.81,0.00
353,47.619,-53.13,-28.96,0.16,0.00,2.68,0.01,0.28,0.00,1.78,0.00
354,47.653,-52.48,-28.90,0.24,0.01,2.64,-0.11,0.43,0.00,1.78,0.00
355,47.686,-51.55,-28.86,0.33,0.00,2.72,-0.39,0.59,0.00,1.79,0.00
356,47.719,-50.30,-28.87,0.42,-0.02,2.76,-0.61,0.76,0.00,1.80,0.00
357,47.753,-48.71,-28.97,0.52,-0.05,2.56,-0.56,0.92,0.00,1.77,0.00
358,47.786,-46.81,-29.18,0.60,-0.07,2.06,-0.20,1.02,0.00,1.70,0.00
359,47.820,-44.62,-29.48,0.66,-0.06,1.41,0.28,1.06,0.00,1.60,0.04
360,47.853,-42.28,-29.71,0.70,-0.04,0.86,0.59,1.06,0.00,1.52,0.08
361,47.886,-39.93,-29.77,0.71,-0.01,0.54,0.55,1.05,0.00,1.48,0.08
362,47.920,-37.56,-29.73,0.73,0.00,0.48,0.22,1.07,0.00,1.47,0.03
363,47.953,-35.11,-29.70,0.74,-0.00,0.59,-0.11,1.10,0.00,1.49,0.00
364,47.986,-32.60,-29.71,0.76,-0.01,0.74,-0.23,1.15,0.00,1.51,0.00
365,48.020,-30.05,-29.79,0.79,-0.02,0.84,-0.15,1.20,0.00,1.52,0.00
366,48.053,-27.36,-29.88,0.82,-0.02,0.91,-0.00,1.26,0.00,1.53,0.00
367,48.086,-24.53,-29.95,0.85,-0.02,1.07,0.08,1.32,0.00,1.55,0.01
368,48.120,-21.65,-30.00,0.89,-0.01,1.49,0.03,1.43,0.00,1.61,0.00
369,48.153,-18.70,-30.04,0.94,-0.01,2.09,-0.10,1.60,0.00,1.70,0.00
370,48.186,-15.52,-30.07,1.03,-0.02,2.33,-0.21,1.79,0.00,1.73,0.00
371,48.220,-11.90,-30.15,1.12,-0.03,1.51,-0.20,1.82,0.00,1.62,0.00
372,48.253,-7.87,-30.30,1.17,-0.04,-0.50,-0.10,1.55,0.00,1.33,0.00
373,48.286,-3.79,-30.45,1.11,-0.04,-3.06,0.03,1.07,0.00,0.96,0.00
374,48.320,-0.15,-30.55,0.95,-0.03,-5.15,0.10,0.63,0.00,0.67,0.01
375,48.353,2.68,-30.65,0.73,-0.03,-6.14,0.11,0.38,0.00,0.52,0.02
376,48.386,4.68,-30.75,0.51,-0.03,-6.04,0.08,0.28,0.00,0.54,0.01
377,48.420,5.99,-30.83,0.32,-0.02,-5.29,0.00,0.21,0.00,0.65,0.00
378,48.453,6.72,-30.89,0.16,-0.02,-4.24,-0.07,0.12,0.00,0.80,0.00
379,48.486,6.96,-30.97,0.03,-0.03,-3.03,-0.07,0.03,0.00,0.97,0.00
380,48.520,6.81,-31.09,-0.05,-0.03,-1.71,0.01,0.00,0.00,1.16,0.00
381,48.553,6.48,-31.22,-0.08,-0.03,-0.45,0.10,0.00,0.00,1.34,0.01
382,48.587,6.14,-31.30,-0.07,-0.02,0.47,0.12,0.00,0.00,1.47,0.02
383,48.620,5.93,-31.34,-0.04,-0.02,0.86,0.08,0.00,0.00,1.53,0.01
384,48.653,5.90,-31.41,-0.00,-0.02,0.84,0.03,0.00,0.00,1.52,0.00
385,48.687,5.98,-31.49,0.02,-0.02,0.64,0.01,0.03,0.00,1.49,0.00
386,48.720,6.07,-31.54,0.04,-0.02,0.36,0.01,0.06,0.00,1.45,0.00
387,48.753,6.20,-31.59,0.05,-0.02,0.02,-0.01,0.07,0.00,1.41,0.00
388,48.787,6.42,-31.65,0.04,-0.02,-0.33,-0.02,0.06,0.00,1.35,0.00
389,48.820,6.59,-31.71,0.02,-0.02,-0.51,-0.01,0.03,0.00,1.33,0.00
390,48.853,6.59,-31.78,-0.00,-0.02,-0.38,-0.00,0.00,0.00,1.35,0.00
391,48.887,6.49,-31.85,-0.01,-0.02,-0.08,-0.04,0.00,0.00,1.39,0.00
392,48.920,6.45,-31.89,-0.00,-0.02,0.11,-0.08,0.00,0.00,1.42,0.00
393,48.953,6.51,-31.95,0.01,-0.02,0.06,-0.08,0.01,0.00,1.41,0.00
394,48.987,6.57,-32.06,0.00,-0.03,-0.07,-0.02,0.01,0.00,1.39,0.00
395,49.020,6.55,-32.17,-0.00,-0.03,-0.05,0.09,0.00,0.00,1.40,0.01
396,49.053,6.50,-32.24,-0.00,-0.02,0.18,0.17,0.00,0.00,1.43,0.02
397,49.087,6.48,-32.31,0.01,-0.01,0.45,0.16,0.01,0.00,1.47,0.02
398,49.120,6.52,-32.34,0.03,-0.01,0.57,0.10,0.04,0.00,1.48,0.01
399,49.153,6.67,-32.33,0.05,-0.01,0.50,0.09,0.08,0.00,1.47,0.01
400,49.187,6.90,-32.37,0.07,-0.01,0.33,0.13,0.10,0.00,1.45,0.02
401,49.220,7.15,-32.42,0.07,0.00,0.18,0.15,0.10,0.00,1.43,0.02
402,49.254,7.38,-32.38,0.08,0.01,0.06,0.05,0.11,0.00,1.41,0.01
403,49.287,7.63,-32.30,0.08,0.01,-0.08,-0.11,0.11,0.00,1.39,0.00
404,49.320,7.91,-32.28,0.07,-0.00,-0.27,-0.22,0.10,0.00,1.36,0.00
405,49.353,8.17,-32.33,0.06,-0.01,-0.45,-0.16,0.08,0.00,1.34,0.00
406,49.387,8.33,-32.39,0.04,-0.01,-0.55,-0.04,0.05,0.00,1.32,0.00
407,49.420,8.40,-32.44,0.02,-0.01,-0.59,0.01,0.03,0.00,1.32,0.00
408,49.453,8.44,-32.45,0.00,-0.01,-0.69,-0.05,0.00,0.00,1.30,0.00
409,49.487,8.45,-32.48,-0.02,-0.01,-0.86,-0.16,0.00,0.00,1.28,0.00
410,49.520,8.34,-32.53,-0.06,-0.02,-0.95,-0.26,0.00,0.00,1.27,0.00
411,49.554,8.08,-32.62,-0.09,-0.03,-0.80,-0.28,0.00,0.00,1.29,0.00
412,49.587,7.68,-32.74,-0.12,-0.04,-0.34,-0.20,0.00,0.00,1.35,0.00
413,49.620,7.23,-32.91,-0.12,-0.05,0.26,-0.04,0.00,0.00,1.44,0.00
414,49.654,6.81,-33.09,-0.10,-0.05,0.79,0.13,0.00,0.00,1.51,0.02
415,49.687,6.52,-33.24,-0.06,-0.04,1.10,0.25,0.00,0.00,1.56,0.04
416,49.720,6.40,-33.34,-0.02,-0.03,1.15,0.27,0.00,0.00,1.57,0.04
417,49.754,6.41,-33.40,0.02,-0.02,0.93,0.21,0.03,0.00,1.53,0.03
418,49.787,6.55,-33.44,0.05,-0.01,0.50,0.13,0.07,0.00,1.47,0.02
419,49.820,6.79,-33.47,0.06,-0.01,-0.04,0.07,0.08,0.00,1.40,0.01
420,49.854,7.01,-33.50,0.05,-0.01,-0.53,0.05,0.06,0.00,1.33,0.01
421,49.887,7.14,-33.53,0.02,-0.01,-0.80,0.03,0.02,0.00,1.29,0.00
422,49.920,7.13,-33.55,-0.02,-0.01,-0.72,0.01,0.00,0.00,1.30,0.00
423,49.954,7.00,-33.56,-0.04,-0.01,-0.34,-0.03,0.00,0.00,1.35,0.00
424,49.987,6.80,-33.57,-0.04,-0.01,0.15,-0.06,0.00,0.00,1.42,0.00
425,50.021,6.65,-33.60,-0.03,-0.01,0.50,-0.03,0.00,0.00,1.47,0.00
426,50.054,6.61,-33.65,-0.00,-0.01,0.57,0.04,0.00,0.00,1.48,0.01
427,50.087,6.67,-33.69,0.02,-0.01,0.37,0.12,0.03,0.00,1.45,0.02
428,50.120,6.78,-33.71,0.03,-0.00,0.02,0.15,0.04,0.00,1.40,0.02
429,50.154,6.88,-33.70,0.02,0.00,-0.33,0.09,0.03,0.00,1.36,0.01
430,50.187,6.94,-33.67,0.00,0.01,-0.56,0.01,0.00,0.00,1.32,0.00
431,50.221,6.92,-33.64,-0.02,0.00,-0.60,-0.05,0.00,0.00,1.32,0.00
432,50.254,6.80,-33.64,-0.04,0.00,-0.36,-0.05,0.00,0.00,1.35,0.00
433,50.287,6.59,-33.65,-0.05,-0.00,0.14,0.01,0.00,0.00,1.42,0.00
434,50.321,6.37,-33.65,-0.04,0.00,0.68,0.07,0.00,0.00,1.50,0.01
435,50.354,6.26,-33.64,-0.00,0.01,0.94,0.11,0.00,0.00,1.54,0.02
436,50.387,6.35,-33.63,0.04,0.01,0.73,0.10,0.06,0.00,1.51,0.01
437,50.421,6.59,-33.58,0.06,0.01,0.08,0.10,0.08,0.00,1.41,0.01
438,50.454,6.85,-33.52,0.05,0.01,-0.74,0.15,0.06,0.00,1.30,0.02
439,50.487,7.00,-33.49,0.01,0.02,-1.43,0.19,0.01,0.00,1.20,0.03
440,50.521,6.94,-33.42,-0.05,0.03,-1.87,0.12,0.00,0.00,1.13,0.02
441,50.554,6.64,-33.28,-0.12,0.03,-2.16,-0.08,0.00,0.00,1.09,0.00
442,50.587,6.12,-33.13,-0.20,0.03,-2.48,-0.31,0.00,0.00,1.05,0.00
443,50.621,5.36,-33.07,-0.28,0.01,-2.87,-0.41,0.00,0.00,0.99,0.00
444,50.654,4.29,-33.10,-0.39,-0.01,-3.21,-0.31,0.00,0.00,0.94,0.00
445,50.687,2.82,-33.16,-0.51,-0.01,-3.28,-0.08,0.00,0.00,0.93,0.00
446,50.721,0.91,-33.21,-0.62,-0.01,-2.92,0.15,0.00,0.00,0.99,0.02
447,50.754,-1.37,-33.25,-0.71,-0.00,-2.18,0.26,0.00,0.00,1.09,0.04
448,50.787,-3.92,-33.25,-0.77,0.01,-1.31,0.23,0.00,0.00,1.21,0.03
449,50.821,-6.59,-33.17,-0.79,0.02,-0.55,0.11,0.00,0.00,1.32,0.02
450,50.854,-9.26,-33.10,-0.80,0.02,0.05,-0.00,0.00,0.00,1.41,0.00
451,50.888,-11.91,-33.06,-0.79,0.01,0.48,-0.05,0.00,0.00,1.47,0.00
452,50.921,-14.55,-33.03,-0.76,0.01,0.64,-0.01,0.00,0.00,1.49,0.00
453,50.954,-17.07,-32.99,-0.74,0.01,0.45,0.05,0.00,0.00,1.47,0.01
454,50.988,-19.40,-32.95,-0.72,0.02,-0.02,0.08,0.00,0.00,1.40,0.01
455,51.021,-21.74,-32.89,-0.74,0.02,-0.40,0.08,0.00,0.00,1.34,0.01
456,51.054,-24.26,-32.82,-0.76,0.02,-0.35,0.07,0.00,0.00,1.35,0.01
457,51.088,-26.92,-32.75,-0.77,0.02,0.14,0.05,0.00,0.00,1.42,0.01
458,51.121,-29.54,-32.68,-0.75,0.02,0.65,-0.01,0.00,0.00,1.49,0.00
459,51.154,-32.00,-32.58,-0.72,0.02,0.82,-0.09,0.00,0.00,1.52,0.00
460,51.188,-34.29,-32.49,-0.69,0.02,0.67,-0.08,0.00,0.00,1.50,0.00
461,51.221,-36.52,-32.45,-0.68,0.01,0.52,0.05,0.00,0.00,1.48,0.01
462,51.254,-38.78,-32.45,-0.66,0.02,0.60,0.18,0.00,0.00,1.49,0.03
463,51.288,-41.01,-32.37,-0.64,0.03,0.89,0.19,0.00,0.00,1.53,0.03
464,51.321,-43.12,-32.21,-0.60,0.04,1.14,0.04,0.00,0.00,1.56,0.01
465,51.354,-45.05,-32.06,-0.56,0.03,1.15,-0.08,0.00,0.00,1.57,0.00
466,51.388,-46.81,-31.98,-0.52,0.02,1.00,-0.01,0.00,0.00,1.54,0.00
467,51.421,-48.46,-31.93,-0.50,0.03,1.02,0.23,0.00,0.00,1.55,0.03
468,51.454,-50.09,-31.85,-0.47,0.04,1.42,0.36,0.00,0.00,1.60,0.05
469,51.488,-51.67,-31.67,-0.41,0.06,2.07,0.20,0.00,0.00,1.70,0.03
470,51.521,-52.96,-31.39,-0.32,0.06,2.69,-0.13,0.00,0.00,1.79,0.00
471,51.555,-53.84,-31.16,-0.22,0.05,3.11,-0.40,0.00,0.00,1.85,0.00
472,51.588,-54.41,-31.06,-0.11,0.03,3.35,-0.46,0.00,0.00,1.88,0.00
473,51.621,-54.64,-31.02,0.00,0.01,3.54,-0.31,0.00,0.00,1.91,0.00
474,51.654,-54.44,-30.98,0.12,0.01,3.72,-0.10,0.24,0.00,1.93,0.00
475,51.688,-53.82,-30.97,0.25,0.01,3.75,0.04,0.49,0.00,1.94,0.01
476,51.721,-52.77,-30.96,0.38,0.01,3.49,-0.00,0.72,0.00,1.90,0.00
477,51.754,-51.27,-30.89,0.49,0.01,2.96,-0.19,0.90,0.00,1.82,0.00
478,51.788,-49.40,-30.80,0.58,0.00,2.31,-0.38,1.01,0.00,1.73,0.00
479,51.821,-47.30,-30.82,0.64,-0.02,1.76,-0.38,1.06,0.00,1.65,0.00
480,51.855,-45.08,-30.96,0.69,-0.03,1.44,-0.11,1.11,0.00,1.61,0.00
481,51.888,-42.72,-31.11,0.74,-0.03,1.20,0.21,1.16,0.00,1.57,0.03
482,51.921,-40.18,-31.19,0.78,-0.01,0.82,0.32,1.18,0.00,1.52,0.05
483,51.955,-37.48,-31.16,0.80,0.00,0.34,0.17,1.16,0.00,1.45,0.02
484,51.988,-34.76,-31.11,0.79,0.00,0.01,-0.07,1.12,0.00,1.40,0.00
485,52.021,-32.16,-31.11,0.79,-0.01,-0.01,-0.21,1.10,0.00,1.40,0.00
486,52.055,-29.59,-31.17,0.79,-0.02,0.16,-0.21,1.12,0.00,1.43,0.00
487,52.088,-26.96,-31.24,0.80,-0.02,0.25,-0.16,1.15,0.00,1.44,0.00
488,52.121,-24.22,-31.31,0.81,-0.02,0.26,-0.19,1.17,0.00,1.44,0.00
489,52.155,-21.47,-31.39,0.81,-0.03,0.48,-0.30,1.20,0.00,1.47,0.00
490,52.188,-18.81,-31.50,0.83,-0.04,1.07,-0.40,1.29,0.00,1.56,0.00
491,52.221,-16.10,-31.66,0.88,-0.06,1.74,-0.36,1.45,0.00,1.65,0.00
492,52.255,-13.07,-31.91,0.96,-0.07,1.88,-0.14,1.60,0.00,1.67,0.00
493,52.288,-9.67,-32.19,1.03,-0.07,1.04,0.18,1.60,0.00,1.55,0.03
494,52.321,-6.03,-32.46,1.05,-0.06,-0.70,0.40,1.37,0.00,1.30,0.06
495,52.355,-2.42,-32.62,0.99,-0.04,-2.74,0.41,1.00,0.00,1.01,0.06
496,52.388,0.83,-32.68,0.86,-0.03,-4.38,0.23,0.67,0.00,0.78,0.03
497,52.421,3.45,-32.74,0.68,-0.03,-5.14,0.05,0.45,0.00,0.67,0.01
498,52.455,5.34,-32.84,0.49,-0.03,-5.07,0.01,0.33,0.00,0.68,0.00
499,52.488,6.62,-32.96,0.33,-0.03,-4.56,0.12,0.25,0.00,0.75,0.02
500,52.522,7.47,-33.06,0.19,-0.02,-3.92,0.26,0.16,0.00,0.84,0.04
501,52.555,7.90,-33.11,0.07,-0.01,-3.15,0.29,0.07,0.00,0.95,0.04
502,52.588,7.89,-33.11,-0.03,0.00,-2.12,0.18,0.00,0.00,1.10,0.03
503,52.622,7.56,-33.08,-0.08,0.01,-0.89,-0.02,0.00,0.00,1.27,0.00
504,52.655,7.18,-33.04,-0.08,-0.00,0.22,-0.13,0.00,0.00,1.43,0.00
505,52.688,6.93,-33.06,-0.05,-0.01,0.88,-0.04,0.00,0.00,1.53,0.00
506,52.722,6.82,-33.13,-0.01,-0.01,0.96,0.15,0.00,0.00,1.54,0.02
507,52.755,6.86,-33.17,0.02,0.00,0.67,0.28,0.03,0.00,1.50,0.04
508,52.788,7.02,-33.11,0.03,0.02,0.27,0.26,0.05,0.00,1.44,0.04
509,52.822,7.16,-33.01,0.03,0.02,-0.06,0.14,0.05,0.00,1.39,0.02
510,52.855,7.24,-32.93,0.03,0.02,-0.25,0.06,0.04,0.00,1.37,0.01
511,52.888,7.34,-32.87,0.02,0.02,-0.26,0.08,0.02,0.00,1.37,0.01
512,52.922,7.39,-32.79,0.01,0.03,-0.08,0.11,0.01,0.00,1.39,0.02
513,52.955,7.35,-32.68,0.01,0.03,0.19,0.07,0.01,0.00,1.43,0.01
514,52.988,7.33,-32.54,0.02,0.03,0.41,-0.00,0.03,0.00,1.46,0.00
515,53.022,7.46,-32.43,0.04,0.03,0.39,-0.08,0.06,0.00,1.46,0.00
516,53.055,7.66,-32.33,0.05,0.03,0.13,-0.13,0.08,0.00,1.42,0.00
517,53.088,7.86,-32.24,0.05,0.02,-0.15,-0.17,0.07,0.00,1.38,0.00
518,53.122,8.02,-32.16,0.04,0.02,-0.26,-0.21,0.05,0.00,1.36,0.00
519,53.155,8.11,-32.11,0.03,0.01,-0.21,-0.22,0.04,0.00,1.37,0.00
520,53.189,8.16,-32.09,0.02,0.00,-0.10,-0.13,0.03,0.00,1.39,0.00
521,53.222,8.24,-32.11,0.02,-0.00,-0.04,0.04,0.03,0.00,1.40,0.01
522,53.255,8.33,-32.14,0.02,0.00,-0.05,0.19,0.03,0.00,1.40,0.03
523,53.288,8.39,-32.11,0.02,0.01,-0.12,0.23,0.03,0.00,1.38,0.03
524,53.322,8.45,-32.03,0.02,0.02,-0.25,0.11,0.02,0.00,1.37,0.02
525,53.355,8.51,-31.92,0.01,0.02,-0.42,-0.08,0.01,0.00,1.34,0.00
526,53.388,8.52,-31.84,-0.01,0.02,-0.63,-0.22,0.00,0.00,1.31,0.00
527,53.422,8.44,-31.80,-0.04,0.01,-0.83,-0.26,0.00,0.00,1.28,0.00
528,53.455,8.29,-31.81,-0.07,-0.00,-0.90,-0.21,0.00,0.00,1.27,0.00
529,53.489,8.01,-31.84,-0.10,-0.01,-0.73,-0.16,0.00,0.00,1.30,0.00
530,53.522,7.58,-31.87,-0.13,-0.01,-0.30,-0.16,0.00,0.00,1.36,0.00
531,53.555,7.09,-31.90,-0.13,-0.02,0.32,-0.16,0.00,0.00,1.45,0.00
532,53.589,6.65,-31.98,-0.10,-0.02,0.90,-0.09,0.00,0.00,1.53,0.00
533,53.622,6.35,-32.09,-0.06,-0.03,1.23,0.03,0.00,0.00,1.58,0.00
534,53.655,6.23,-32.19,-0.01,-0.02,1.19,0.15,0.00,0.00,1.57,0.02
535,53.688,6.29,-32.24,0.03,-0.01,0.74,0.21,0.04,0.00,1.51,0.03
536,53.722,6.47,-32.28,0.04,-0.01,0.02,0.20,0.06,0.00,1.40,0.03
537,53.755,6.69,-32.30,0.03,-0.00,-0.67,0.16,0.04,0.00,1.31,0.02
538,53.789,6.76,-32.28,-0.01,0.00,-0.99,0.06,0.00,0.00,1.26,0.01
539,53.822,6.62,-32.26,-0.05,0.01,-0.80,-0.10,0.00,0.00,1.29,0.00
540,53.855,6.34,-32.23,-0.07,-0.00,-0.26,-0.24,0.00,0.00,1.36,0.00
541,53.889,6.05,-32.24,-0.07,-0.01,0.31,-0.25,0.00,0.00,1.45,0.00
542,53.922,5.85,-32.32,-0.04,-0.02,0.66,-0.11,0.00,0.00,1.50,0.00
543,53.955,5.75,-32.44,-0.02,-0.02,0.69,0.06,0.00,0.00,1.50,0.01
544,53.989,5.75,-32.52,0.01,-0.02,0.49,0.10,0.01,0.00,1.47,0.01
545,54.022,5.83,-32.52,0.02,-0.01,0.19,0.00,0.03,0.00,1.43,0.00
546,54.055,5.92,-32.53,0.02,-0.01,-0.05,-0.12,0.03,0.00,1.39,0.00
547,54.089,5.97,-32.61,0.01,-0.02,-0.15,-0.14,0.02,0.00,1.38,0.00
548,54.122,5.99,-32.72,0.00,-0.03,-0.14,-0.05,0.01,0.00,1.38,0.00
549,54.155,5.99,-32.81,0.00,-0.03,-0.12,0.03,0.00,0.00,1.39,0.00
550,54.189,6.00,-32.89,-0.00,-0.02,-0.12,0.07,0.00,0.00,1.39,0.01
551,54.222,6.00,-32.96,-0.01,-0.02,-0.12,0.08,0.00,0.00,1.38,0.01
552,54.256,5.96,-33.03,-0.01,-0.02,-0.12,0.12,0.00,0.00,1.38,0.02
553,54.289,5.91,-33.09,-0.01,-0.01,-0.19,0.21,0.00,0.00,1.37,0.03
554,54.322,5.87,-33.14,-0.02,-0.00,-0.50,0.26,0.00,0.00,1.33,0.04
555,54.356,5.83,-33.14,-0.04,0.01,-1.13,0.19,0.00,0.00,1.24,0.03
556,54.389,5.70,-33.08,-0.09,0.01,-1.97,0.00,0.00,0.00,1.12,0.00
557,54.422,5.36,-33.01,-0.17,0.01,-2.76,-0.18,0.00,0.00,1.01,0.00
558,54.455,4.65,-33.00,-0.28,-0.00,-3.30,-0.27,0.00,0.00,0.93,0.00
559,54.489,3.51,-33.06,-0.40,-0.01,-3.54,-0.24,0.00,0.00,0.90,0.00
560,54.522,1.98,-33.12,-0.52,-0.02,-3.52,-0.12,0.00,0.00,0.90,0.00
561,54.556,0.05,-33.18,-0.64,-0.02,-3.28,0.06,0.00,0.00,0.93,0.01
562,54.589,-2.28,-33.29,-0.74,-0.02,-2.80,0.27,0.00,0.00,1.00,0.04
563,54.622,-4.97,-33.37,-0.83,-0.00,-2.02,0.42,0.00,0.00,1.11,0.06
564,54.656,-7.90,-33.34,-0.88,0.01,-1.04,0.43,0.00,0.00,1.25,0.06
565,54.689,-10.97,-33.23,-0.90,0.03,-0.18,0.27,0.00,0.00,1.38,0.04
566,54.722,-14.01,-33.12,-0.88,0.03,0.25,0.03,0.00,0.00,1.44,0.00
567,54.756,-16.89,-33.00,-0.87,0.03,0.22,-0.15,0.00,0.00,1.43,0.00
568,54.789,-19.69,-32.91,-0.87,0.02,0.02,-0.22,0.00,0.00,1.40,0.00
569,54.822,-22.60,-32.86,-0.87,0.01,-0.02,-0.21,0.00,0.00,1.40,0.00
570,54.856,-25.59,-32.84,-0.88,0.01,0.21,-0.16,0.00,0.00,1.43,0.00
571,54.889,-28.51,-32.83,-0.86,0.00,0.55,-0.14,0.00,0.00,1.48,0.00
572,54.922,-31.34,-32.81,-0.83,-0.00,0.73,-0.12,0.00,0.00,1.51,0.00
573,54.956,-34.08,-32.83,-0.81,-0.01,0.66,-0.03,0.00,0.00,1.50,0.00
574,54.989,-36.70,-32.88,-0.79,-0.01,0.54,0.09,0.00,0.00,1.48,0.01
575,55.022,-39.27,-32.92,-0.78,0.00,0.59,0.15,0.00,0.00,1.49,0.02
576,55.056,-41.88,-32.89,-0.76,0.01,0.85,0.11,0.00,0.00,1.52,0.02
577,55.089,-44.42,-32.82,-0.72,0.01,1.18,0.04,0.00,0.00,1.57,0.01
578,55.122,-46.73,-32.80,-0.67,0.01,1.45,0.04,0.00,0.00,1.61,0.01
579,55.156,-48.86,-32.81,-0.62,0.01,1.68,0.15,0.00,0.00,1.64,0.02
580,55.189,-50.88,-32.77,-0.56,0.02,1.99,0.34,0.00,0.00,1.69,0.05
581,55.223,-52.70,-32.70,-0.49,0.03,2.43,0.49,0.00,0.00,1.75,0.07
582,55.256,-54.22,-32.59,-0.40,0.05,2.88,0.52,0.00,0.00,1.81,0.07
583,55.289,-55.41,-32.37,-0.30,0.07,3.20,0.38,0.00,0.00,1.86,0.05
584,55.323,-56.22,-32.08,-0.19,0.08,3.45,0.05,0.00,0.00,1.90,0.01
585,55.356,-56.65,-31.79,-0.07,0.08,3.75,-0.41,0.00,0.00,1.94,0.00
586,55.389,-56.71,-31.53,0.06,0.05,4.05,-0.80,0.12,0.00,1.98,0.00
587,55.423,-56.32,-31.37,0.20,0.02,4.15,-0.94,0.41,0.00,2.00,0.00
588,55.456,-55.37,-31.40,0.35,-0.02,3.90,-0.79,0.68,0.00,1.96,0.00
589,55.489,-53.91,-31.56,0.47,-0.04,3.32,-0.46,0.89,0.00,1.88,0.00
590,55.523,-52.10,-31.72,0.57,-0.05,2.62,-0.08,1.01,0.00,1.78,0.00
591,55.556,-50.05,-31.88,0.64,-0.04,2.02,0.22,1.09,0.00,1.69,0.03
592,55.589,-47.79,-32.03,0.70,-0.03,1.51,0.41,1.14,0.00,1.62,0.06
593,55.623,-45.34,-32.12,0.75,-0.01,0.97,0.46,1.15,0.00,1.54,0.07
594,55.656,-42.75,-32.12,0.77,0.00,0.43,0.35,1.13,0.00,1.46,0.05
595,55.689,-40.12,-32.05,0.77,0.01,0.08,0.15,1.09,0.00,1.41,0.02
596,55.723,-37.57,-31.99,0.76,0.01,0.08,-0.07,1.08,0.00,1.41,0.00
597,55.756,-35.08,-31.96,0.77,0.01,0.34,-0.23,1.11,0.00,1.45,0.00
598,55.789,-32.52,-31.95,0.79,-0.00,0.63,-0.28,1.18,0.00,1.49,0.00
599,55.823,-29.84,-31.97,0.82,-0.01,0.74,-0.26,1.23,0.00,1.51,0.00
600,55.856,-27.05,-32.05,0.84,-0.02,0.73,-0.24,1.27,0.00,1.51,0.00
601,55.890,-24.20,-32.14,0.86,-0.03,0.84,-0.25,1.31,0.00,1.52,0.00
602,55.923,-21.31,-32.23,0.89,-0.04,1.16,-0.31,1.40,0.00,1.57,0.00
603,55.956,-18.33,-32.36,0.94,-0.05,1.59,-0.36,1.52,0.00,1.63,0.00
604,55.990,-15.14,-32.56,1.00,-0.06,1.84,-0.28,1.66,0.00,1.67,0.00
605,56.023,-11.69,-32.80,1.07,-0.07,1.51,-0.05,1.73,0.00,1.62,0.00
606,56.056,-7.98,-33.07,1.12,-0.07,0.33,0.22,1.62,0.00,1.45,0.03
607,56.090,-4.06,-33.31,1.11,-0.05,-1.58,0.32,1.31,0.00,1.18,0.05
608,56.123,-0.26,-33.45,1.02,-0.04,-3.71,0.19,0.89,0.00,0.87,0.03
609,56.156,3.00,-33.52,0.85,-0.04,-5.42,-0.07,0.54,0.00,0.63,0.00
610,56.190,5.53,-33.63,0.64,-0.05,-6.22,-0.23,0.33,0.00,0.51,0.00
611,56.223,7.27,-33.83,0.42,-0.06,-6.07,-0.12,0.22,0.00,0.53,0.00
612,56.256,8.24,-34.08,0.22,-0.06,-5.25,0.18,0.14,0.00,0.65,0.03
613,56.290,8.60,-34.31,0.06,-0.05,-4.01,0.37,0.05,0.00,0.83,0.05
614,56.323,8.53,-34.41,-0.05,-0.03,-2.49,0.28,0.00,0.00,1.05,0.04
615,56.356,8.13,-34.43,-0.11,-0.02,-0.85,0.01,0.00,0.00,1.28,0.00
616,56.390,7.59,-34.49,-0.11,-0.03,0.59,-0.20,0.00,0.00,1.49,0.00
617,56.423,7.23,-34.63,-0.06,-0.04,1.44,-0.20,0.00,0.00,1.61,0.00
618,56.456,7.18,-34.82,0.01,-0.05,1.45,-0.03,0.02,0.00,1.61,0.00
619,56.490,7.39,-34.97,0.06,-0.04,0.76,0.18,0.09,0.00,1.51,0.03
620,56.523,7.69,-35.11,0.06,-0.03,-0.12,0.29,0.09,0.00,1.38,0.04
621,56.557,7.92,-35.22,0.04,-0.02,-0.73,0.27,0.05,0.00,1.30,0.04
622,56.590,7.99,-35.26,0.00,-0.01,-0.92,0.13,0.01,0.00,1.27,0.02
623,56.623,7.91,-35.26,-0.03,-0.01,-0.77,-0.02,0.00,0.00,1.29,0.00
624,56.657,7.77,-35.30,-0.05,-0.02,-0.43,-0.06,0.00,0.00,1.34,0.00
625,56.690,7.57,-35.39,-0.06,-0.02,-0.01,0.04,0.00,0.00,1.40,0.01
626,56.723,7.33,-35.48,-0.05,-0.02,0.40,0.19,0.00,0.00,1.46,0.03
627,56.756,7.16,-35.51,-0.03,-0.00,0.73,0.27,0.00,0.00,1.51,0.04
628,56.790,7.12,-35.49,0.00,0.01,0.94,0.26,0.00,0.00,1.54,0.04
629,56.823,7.18,-35.46,0.04,0.01,0.96,0.24,0.06,0.00,1.54,0.03
630,56.857,7.35,-35.42,0.07,0.02,0.81,0.25,0.10,0.00,1.52,0.04
631,56.890,7.65,-35.35,0.09,0.03,0.52,0.20,0.14,0.00,1.48,0.03
632,56.923,8.03,-35.22,0.11,0.04,0.14,0.03,0.15,0.00,1.42,0.00
633,56.957,8.40,-35.07,0.10,0.03,-0.21,-0.23,0.14,0.00,1.37,0.00
634,56.990,8.73,-34.95,0.09,0.02,-0.49,-0.43,0.12,0.00,1.33,0.00
635,57.023,8.99,-34.91,0.07,-0.00,-0.78,-0.44,0.09,0.00,1.29,0.00
636,57.057,9.20,-34.97,0.04,-0.01,-1.15,-0.28,0.05,0.00,1.24,0.00
637,57.090,9.32,-35.06,-0.01,-0.02,-1.49,-0.07,0.00,0.00,1.19,0.00
638,57.123,9.24,-35.12,-0.07,-0.02,-1.55,0.04,0.00,0.00,1.18,0.01
639,57.157,8.87,-35.15,-0.12,-0.01,-1.14,0.05,0.00,0.00,1.24,0.01
640,57.190,8.32,-35.19,-0.15,-0.01,-0.34,0.02,0.00,0.00,1.35,0.00
641,57.224,7.74,-35.24,-0.15,-0.01,0.54,0.05,0.00,0.00,1.48,0.01
642,57.257,7.26,-35.29,-0.11,-0.01,1.18,0.13,0.00,0.00,1.57,0.02
643,57.290,6.97,-35.33,-0.06,-0.01,1.40,0.21,0.00,0.00,1.60,0.03
644,57.324,6.88,-35.34,-0.01,0.00,1.16,0.27,0.00,0.00,1.57,0.04
645,57.357,6.97,-35.30,0.03,0.01,0.57,0.27,0.04,0.00,1.48,0.04
646,57.390,7.16,-35.23,0.04,0.02,-0.14,0.18,0.05,0.00,1.38,0.03
647,57.423,7.31,-35.14,0.01,0.03,-0.63,0.02,0.02,0.00,1.31,0.00
648,57.457,7.30,-35.02,-0.02,0.03,-0.71,-0.14,0.00,0.00,1.30,0.00
649,57.490,7.14,-34.93,-0.04,0.02,-0.44,-0.23,0.00,0.00,1.34,0.00
650,57.524,6.94,-34.90,-0.05,0.01,-0.05,-0.21,0.00,0.00,1.39,0.00
651,57.557,6.78,-34.91,-0.04,0.00,0.26,-0.11,0.00,0.00,1.44,0.00
652,57.590,6.67,-34.92,-0.03,0.00,0.47,-0.02,0.00,0.00,1.47,0.00
653,57.624,6.58,-34.90,-0.01,0.00,0.53,0.04,0.00,0.00,1.48,0.01
654,57.657,6.56,-34.90,0.01,0.00,0.41,0.09,0.02,0.00,1.46,0.01
655,57.690,6.67,-34.90,0.02,0.01,0.08,0.13,0.03,0.00,1.41,0.02
656,57.724,6.81,-34.87,0.02,0.01,-0.28,0.12,0.03,0.00,1.36,0.02
657,57.757,6.85,-34.81,-0.00,0.02,-0.46,0.04,0.00,0.00,1.34,0.01
658,57.790,6.78,-34.73,-0.02,0.02,-0.35,-0.05,0.00,0.00,1.35,0.00
659,57.824,6.67,-34.68,-0.03,0.01,-0.08,-0.09,0.00,0.00,1.39,0.00
660,57.857,6.56,-34.67,-0.02,0.01,0.15,-0.09,0.00,0.00,1.42,0.00
661,57.890,6.49,-34.64,-0.01,0.01,0.24,-0.10,0.00,0.00,1.44,0.00
662,57.924,6.47,-34.60,-0.00,0.00,0.17,-0.14,0.00,0.00,1.43,0.00
663,57.957,6.47,-34.59,-0.00,-0.00,-0.04,-0.12,0.00,0.00,1.40,0.00
664,57.990,6.49,-34.63,-0.01,-0.01,-0.34,0.01,0.00,0.00,1.35,0.00
665,58.024,6.48,-34.68,-0.02,-0.01,-0.71,0.24,0.00,0.00,1.30,0.03
666,58.057,6.38,-34.70,-0.05,0.01,-1.14,0.43,0.00,0.00,1.24,0.06
667,58.090,6.16,-34.65,-0.10,0.03,-1.69,0.46,0.00,0.00,1.16,0.07
668,58.124,5.79,-34.51,-0.16,0.04,-2.41,0.26,0.00,0.00,1.06,0.04
669,58.157,5.18,-34.31,-0.25,0.05,-3.19,-0.08,0.00,0.00,0.95,0.00
670,58.191,4.21,-34.12,-0.38,0.04,-3.79,-0.37,0.00,0.00,0.86,0.00
671,58.224,2.74,-34.01,-0.52,0.02,-3.92,-0.42,0.00,0.00,0.84,0.00
672,58.257,0.74,-34.01,-0.65,0.00,-3.55,-0.15,0.00,0.00,0.89,0.00
673,58.291,-1.71,-34.06,-0.76,0.00,-2.81,0.30,0.00,0.00,1.00,0.04
674,58.324,-4.42,-34.07,-0.84,0.02,-1.87,0.63,0.00,0.00,1.13,0.09
675,58.357,-7.36,-33.93,-0.89,0.05,-0.88,0.65,0.00,0.01,1.28,0.09
676,58.391,-10.45,-33.66,-0.90,0.08,-0.01,0.33,0.00,0.00,1.40,0.05
677,58.424,-13.48,-33.36,-0.88,0.08,0.53,-0.14,0.00,0.00,1.48,0.00
678,58.457,-16.34,-33.08,-0.85,0.06,0.64,-0.47,0.00,0.00,1.49,0.00
679,58.491,-19.09,-32.89,-0.83,0.04,0.38,-0.50,0.00,0.00,1.46,0.00
680,58.524,-21.82,-32.83,-0.82,0.02,0.04,-0.26,0.00,0.00,1.41,0.00
681,58.557,-24.56,-32.81,-0.83,0.02,-0.13,0.04,0.00,0.00,1.38,0.01
682,58.591,-27.35,-32.74,-0.84,0.03,-0.06,0.20,0.00,0.00,1.39,0.03
683,58.624,-30.18,-32.59,-0.84,0.04,0.16,0.14,0.00,0.00,1.42,0.02
684,58.657,-33.00,-32.42,-0.83,0.04,0.39,-0.03,0.00,0.00,1.46,0.00
685,58.691,-35.74,-32.29,-0.81,0.04,0.51,-0.18,0.00,0.00,1.47,0.00
686,58.724,-38.38,-32.18,-0.79,0.03,0.52,-0.28,0.00,0.00,1.48,0.00
687,58.757,-40.99,-32.08,-0.78,0.02,0.54,-0.36,0.00,0.00,1.48,0.00
688,58.791,-43.56,-32.03,-0.76,0.00,0.64,-0.32,0.00,0.00,1.49,0.00
689,58.824,-46.07,-32.04,-0.73,-0.01,0.80,-0.08,0.00,0.00,1.52,0.00
690,58.858,-48.49,-32.12,-0.70,-0.01,0.95,0.29,0.00,0.00,1.54,0.04
691,58.891,-50.76,-32.17,-0.67,0.01,1.20,0.51,0.00,0.00,1.57,0.07
692,58.924,-52.94,-32.07,-0.63,0.04,1.74,0.41,0.00,0.00,1.65,0.06
693,58.958,-55.04,-31.84,-0.56,0.05,2.53,0.11,0.00,0.00,1.76,0.02
694,58.991,-56.87,-31.65,-0.46,0.04,3.30,-0.10,0.00,0.00,1.87,0.00
695,59.024,-58.21,-31.58,-0.33,0.03,3.78,-0.08,0.00,0.00,1.94,0.00
696,59.057,-59.06,-31.51,-0.20,0.03,3.98,0.07,0.00,0.00,1.97,0.01
697,59.091,-59.52,-31.37,-0.07,0.04,4.06,0.18,0.00,0.00,1.98,0.03
698,59.124,-59.57,-31.21,0.07,0.05,4.08,0.15,0.13,0.00,1.98,0.02
699,59.158,-59.11,-31.05,0.21,0.05,3.94,0.02,0.41,0.00,1.97,0.00
700,59.191,-58.14,-30.86,0.34,0.05,3.55,-0.14,0.64,0.00,1.91,0.00
701,59.224,-56.79,-30.68,0.45,0.04,2.88,-0.27,0.81,0.00,1.81,0.00
702,59.258,-55.11,-30.56,0.53,0.03,2.08,-0.34,0.90,0.00,1.70,0.00
703,59.291,-53.15,-30.49,0.59,0.02,1.38,-0.32,0.94,0.00,1.60,0.00
704,59.324,-51.08,-30.45,0.62,0.01,0.91,-0.20,0.95,0.00,1.53,0.00
705,59.358,-49.02,-30.43,0.64,0.00,0.68,0.02,0.96,0.00,1.50,0.00
706,59.391,-46.87,-30.46,0.66,0.01,0.55,0.28,0.98,0.00,1.48,0.04
707,59.424,-44.60,-30.45,0.68,0.02,0.32,0.46,0.99,0.00,1.45,0.07
708,59.458,-42.27,-30.33,0.69,0.04,-0.02,0.43,0.96,0.00,1.40,0.06
709,59.491,-39.96,-30.13,0.68,0.06,-0.25,0.18,0.92,0.00,1.37,0.03
710,59.525,-37.73,-29.90,0.66,0.06,-0.22,-0.17,0.91,0.00,1.37,0.00
711,59.558,-35.59,-29.71,0.66,0.04,-0.01,-0.45,0.92,0.00,1.40,0.00
712,59.591,-33.42,-29.60,0.66,0.02,0.27,-0.58,0.95,0.00,1.44,0.00
713,59.624,-31.17,-29.56,0.68,0.00,0.50,-0.60,1.00,0.00,1.47,0.00
714,59.658,-28.91,-29.59,0.70,-0.02,0.63,-0.49,1.04,0.00,1.49,0.00
715,59.691,-26.57,-29.68,0.72,-0.03,0.68,-0.25,1.08,0.00,1.50,0.00
716,59.724,-24.10,-29.85,0.74,-0.04,0.76,0.01,1.12,0.00,1.51,0.00
717,59.758,-21.56,-30.00,0.77,-0.03,1.06,0.09,1.19,0.00,1.55,0.01
718,59.791,-19.01,-30.06,0.80,-0.02,1.68,-0.11,1.32,0.00,1.64,0.00
719,59.825,-16.33,-30.07,0.87,-0.03,2.40,-0.43,1.52,0.00,1.74,0.00
720,59.858,-13.33,-30.19,0.97,-0.06,2.64,-0.57,1.73,0.00,1.78,0.00
721,59.891,-9.86,-30.48,1.08,-0.08,1.85,-0.39,1.79,0.00,1.67,0.00
722,59.925,-6.01,-30.81,1.13,-0.09,-0.06,-0.04,1.57,0.00,1.39,0.00
723,59.958,-2.07,-31.10,1.09,-0.08,-2.56,0.20,1.13,0.00,1.04,0.03
724,59.991,1.55,-31.34,0.95,-0.07,-4.86,0.22,0.67,0.00,0.71,0.03
725,60.025,4.48,-31.53,0.74,-0.06,-6.28,0.10,0.37,0.00,0.50,0.01
726,60.058,6.54,-31.72,0.50,-0.06,-6.60,-0.00,0.23,0.00,0.46,0.00
727,60.091,7.76,-31.94,0.28,-0.06,-6.04,-0.04,0.15,0.00,0.54,0.00
728,60.125,8.30,-32.16,0.09,-0.07,-4.94,-0.03,0.06,0.00,0.70,0.00
729,60.158,8.28,-32.37,-0.05,-0.07,-3.48,-0.03,0.00,0.00,0.90,0.00
730,60.191,7.82,-32.59,-0.15,-0.07,-1.76,-0.04,0.00,0.00,1.15,0.00
731,60.225,7.10,-32.81,-0.18,-0.07,0.01,-0.01,0.00,0.00,1.40,0.00
732,60.258,6.43,-33.04,-0.14,-0.07,1.43,0.09,0.00,0.00,1.61,0.01
733,60.291,6.05,-33.29,-0.06,-0.06,2.11,0.24,0.00,0.00,1.70,0.03
734,60.325,6.02,-33.49,0.02,-0.05,1.89,0.35,0.04,0.00,1.67,0.05
735,60.358,6.28,-33.64,0.08,-0.04,0.99,0.31,0.12,0.00,1.54,0.04
736,60.391,6.69,-33.73,0.09,-0.03,-0.10,0.09,0.13,0.00,1.39,0.01
737,60.425,7.05,-33.78,0.07,-0.03,-0.91,-0.19,0.08,0.00,1.27,0.00
738,60.458,7.18,-33.86,0.02,-0.04,-1.19,-0.32,0.02,0.00,1.23,0.00
739,60.491,7.12,-34.05,-0.03,-0.06,-1.01,-0.18,0.00,0.00,1.26,0.00
740,60.525,6.95,-34.31,-0.05,-0.06,-0.61,0.14,0.00,0.00,1.31,0.02
741,60.558,6.74,-34.52,-0.06,-0.05,-0.16,0.40,0.00,0.00,1.38,0.06
742,60.592,6.49,-34.63,-0.06,-0.03,0.25,0.45,0.00,0.00,1.44,0.06
743,60.625,6.26,-34.67,-0.05,-0.01,0.57,0.33,0.00,0.00,1.48,0.05
744,60.658,6.14,-34.69,-0.02,-0.00,0.70,0.13,0.00,0.00,1.50,0.02
745,60.692,6.12,-34.70,0.01,-0.00,0.60,-0.06,0.01,0.00,1.49,0.00
746,60.725,6.21,-34.70,0.02,-0.01,0.37,-0.17,0.03,0.00,1.45,0.00
747,60.758,6.33,-34.73,0.03,-0.02,0.19,-0.14,0.04,0.00,1.43,0.00
748,60.792,6.40,-34.83,0.03,-0.02,0.13,0.02,0.04,0.00,1.42,0.00
749,60.825,6.50,-34.95,0.04,-0.02,0.17,0.20,0.05,0.00,1.43,0.03
750,60.858,6.64,-34.98,0.04,-0.01,0.27,0.27,0.06,0.00,1.44,0.04
751,60.892,6.79,-34.95,0.05,0.00,0.35,0.24,0.08,0.00,1.45,0.03
752,60.925,6.96,-34.93,0.07,0.01,0.34,0.17,0.10,0.00,1.45,0.02
753,60.958,7.21,-34.91,0.08,0.01,0.11,0.12,0.11,0.00,1.42,0.02
754,60.992,7.54,-34.86,0.08,0.02,-0.30,0.05,0.11,0.00,1.36,0.01
755,61.025,7.84,-34.77,0.06,0.02,-0.69,-0.06,0.08,0.00,1.30,0.00
756,61.058,7.99,-34.70,0.03,0.01,-0.83,-0.17,0.03,0.00,1.28,0.00
757,61.092,7.98,-34.68,-0.00,0.01,-0.75,-0.24,0.00,0.00,1.29,0.00
758,61.125,7.92,-34.68,-0.02,-0.00,-0.64,-0.24,0.00,0.00,1.31,0.00
759,61.158,7.84,-34.69,-0.04,-0.01,-0.66,-0.18,0.00,0.00,1.31,0.00
760,61.192,7.68,-34.74,-0.06,-0.02,-0.75,-0.07,0.00,0.00,1.29,0.00
761,61.225,7.43,-34.84,-0.09,-0.02,-0.71,0.00,0.00,0.00,1.30,0.00
762,61.259,7.06,-34.88,-0.12,-0.01,-0.36,0.02,0.00,0.00,1.35,0.00
763,61.292,6.58,-34.89,-0.13,-0.01,0.25,-0.00,0.00,0.00,1.44,0.00
764,61.325,6.12,-34.95,-0.10,-0.02,0.91,0.02,0.00,0.00,1.53,0.00
765,61.358,5.81,-35.03,-0.06,-0.02,1.32,0.11,0.00,0.00,1.59,0.02
766,61.392,5.71,-35.08,-0.00,-0.01,1.29,0.20,0.00,0.00,1.59,0.03
767,61.425,5.81,-35.08,0.04,0.00,0.85,0.21,0.06,0.00,1.52,0.03
768,61.458,6.04,-35.06,0.06,0.01,0.21,0.18,0.08,0.00,1.43,0.03
769,61.492,6.27,-35.03,0.05,0.01,-0.39,0.16,0.07,0.00,1.35,0.02
770,61.525,6.42,-34.99,0.02,0.02,-0.76,0.13,0.03,0.00,1.29,0.02
771,61.559,6.44,-34.93,-0.01,0.02,-0.82,0.02,0.00,0.00,1.28,0.00
772,61.592,6.35,-34.82,-0.04,0.02,-0.62,-0.12,0.00,0.00,1.31,0.00
773,61.625,6.16,-34.74,-0.05,0.01,-0.27,-0.18,0.00,0.00,1.36,0.00
774,61.659,5.94,-34.74,-0.06,0.00,0.12,-0.13,0.00,0.00,1.42,0.00
775,61.692,5.75,-34.76,-0.04,0.00,0.44,-0.01,0.00,0.00,1.46,0.00
776,61.725,5.63,-34.74,-0.02,0.01,0.63,0.06,0.00,0.00,1.49,0.01
777,61.759,5.58,-34.70,0.00,0.01,0.63,0.03,0.00,0.00,1.49,0.00
778,61.792,5.63,-34.67,0.02,0.01,0.38,-0.02,0.04,0.00,1.46,0.00
779,61.825,5.79,-34.65,0.03,0.01,-0.03,-0.01,0.05,0.00,1.40,0.00
780,61.859,5.94,-34.63,0.02,0.01,-0.38,0.06,0.03,0.00,1.35,0.01
781,61.892,5.98,-34.62,-0.00,0.01,-0.44,0.14,0.00,0.00,1.34,0.02
782,61.925,5.90,-34.59,-0.02,0.02,-0.21,0.14,0.00,0.00,1.37,0.02
783,61.959,5.79,-34.50,-0.02,0.02,0.08,0.06,0.00,0.00,1.41,0.01
784,61.992,5.76,-34.40,-0.00,0.02,0.18,-0.03,0.00,0.00,1.43,0.00
785,62.025,5.79,-34.34,0.00,0.02,0.06,-0.03,0.00,0.00,1.41,0.00
786,62.059,5.82,-34.31,0.00,0.02,-0.19,0.08,0.00,0.00,1.37,0.01
787,62.092,5.81,-34.26,-0.01,0.02,-0.47,0.22,0.00,0.00,1.33,0.03
788,62.125,5.77,-34.18,-0.03,0.03,-0.77,0.28,0.00,0.00,1.29,0.04
789,62.159,5.64,-34.05,-0.06,0.04,-1.18,0.21,0.00,0.00,1.23,0.03
790,62.192,5.40,-33.88,-0.10,0.05,-1.81,0.04,0.00,0.00,1.14,0.01
791,62.226,5.00,-33.69,-0.17,0.05,-2.65,-0.16,0.00,0.00,1.02,0.00
792,62.259,4.35,-33.54,-0.28,0.04,-3.45,-0.30,0.00,0.00,0.91,0.00
793,62.292,3.26,-33.43,-0.41,0.02,-3.86,-0.28,0.00,0.00,0.85,0.00
794,62.326,1.61,-33.38,-0.55,0.01,-3.71,-0.03,0.00,0.00,0.87,0.00
795,62.359,-0.53,-33.38,-0.67,0.02,-3.14,0.35,0.00,0.00,0.95,0.05
796,62.392,-2.96,-33.35,-0.76,0.04,-2.41,0.66,0.00,0.00,1.06,0.09
797,62.426,-5.64,-33.17,-0.83,0.07,-1.64,0.69,0.00,0.01,1.17,0.10
798,62.459,-8.55,-32.85,-0.87,0.09,-0.85,0.43,0.00,0.01,1.28,0.06
799,62.492,-11.58,-32.49,-0.89,0.10,-0.15,-0.02,0.00,0.00,1.38,0.00
800,62.526,-14.56,-32.15,-0.88,0.09,0.23,-0.46,0.00,0.00,1.43,0.00
801,62.559,-17.42,-31.85,-0.86,0.07,0.19,-0.68,0.00,0.00,1.43,0.00
802,62.592,-20.22,-31.67,-0.86,0.04,-0.07,-0.58,0.00,0.00,1.39,0.00
803,62.626,-23.08,-31.64,-0.87,0.02,-0.23,-0.24,0.00,0.00,1.37,0.00
804,62.659,-26.02,-31.65,-0.88,0.02,-0.06,0.05,0.00,0.00,1.39,0.01
805,62.692,-29.00,-31.54,-0.88,0.03,0.36,0.11,0.00,0.00,1.45,0.02
806,62.726,-31.95,-31.37,-0.86,0.03,0.77,0.00,0.00,0.00,1.51,0.00
807,62.759,-34.78,-31.26,-0.82,0.03,1.00,-0.09,0.00,0.00,1.54,0.00
808,62.792,-37.42,-31.23,-0.78,0.02,1.01,-0.16,0.00,0.00,1.55,0.00
809,62.826,-39.96,-31.15,-0.75,0.02,0.91,-0.33,0.00,0.00,1.53,0.00
810,62.859,-42.44,-31.02,-0.73,0.01,0.81,-0.54,0.00,0.00,1.52,0.00
811,62.893,-44.81,-31.00,-0.70,-0.02,0.72,-0.51,0.00,0.00,1.50,0.00
812,62.926,-47.09,-31.18,-0.68,-0.04,0.63,-0.15,0.00,0.00,1.49,0.00
813,62.959,-49.30,-31.42,-0.66,-0.03,0.64,0.31,0.00,0.00,1.49,0.04
814,62.992,-51.46,-31.48,-0.64,-0.01,0.91,0.54,0.00,0.00,1.53,0.08
815,63.026,-53.61,-31.40,-0.61,0.01,1.52,0.47,0.00,0.00,1.62,0.07
816,63.059,-55.61,-31.34,-0.55,0.02,2.38,0.29,0.00,0.00,1.74,0.04
817,63.092,-57.33,-31.29,-0.45,0.03,3.34,0.18,0.00,0.00,1.88,0.03
818,63.126,-58.69,-31.17,-0.32,0.03,4.16,0.18,0.00,0.00,2.00,0.03
819,63.159,-59.57,-31.03,-0.17,0.04,4.67,0.25,0.00,0.00,2.07,0.04
820,63.193,-59.83,-30.92,0.00,0.05,4.78,0.32,0.00,0.00,2.08,0.05
821,63.226,-59.52,-30.77,0.16,0.06,4.47,0.29,0.33,0.00,2.04,0.04
822,63.259,-58.70,-30.50,0.31,0.07,3.84,0.13,0.60,0.00,1.95,0.02
823,63.293,-57.41,-30.20,0.42,0.07,3.05,-0.08,0.78,0.00,1.84,0.00
824,63.326,-55.78,-29.99,0.51,0.06,2.27,-0.26,0.88,0.00,1.73,0.00
825,63.359,-53.93,-29.82,0.57,0.05,1.69,-0.35,0.94,0.00,1.64,0.00
826,63.393,-51.93,-29.63,0.61,0.04,1.39,-0.37,0.98,0.00,1.60,0.00
827,63.426,-49.84,-29.49,0.66,0.03,1.20,-0.30,1.03,0.00,1.57,0.00
828,63.459,-47.60,-29.47,0.70,0.02,0.83,-0.12,1.06,0.00,1.52,0.00
829,63.493,-45.13,-29.45,0.72,0.02,0.24,0.07,1.04,0.00,1.44,0.01
830,63.526,-42.62,-29.38,0.72,0.03,-0.31,0.09,0.97,0.00,1.36,0.01
831,63.559,-40.28,-29.25,0.69,0.03,-0.46,-0.08,0.92,0.00,1.34,0.00
832,63.593,-38.09,-29.12,0.67,0.02,-0.19,-0.24,0.92,0.00,1.38,0.00
833,63.626,-35.90,-29.08,0.68,0.01,0.25,-0.23,0.97,0.00,1.44,0.00
834,63.659,-33.62,-29.11,0.69,0.00,0.52,-0.11,1.02,0.00,1.48,0.00
835,63.693,-31.26,-29.11,0.72,0.00,0.58,-0.01,1.06,0.00,1.48,0.00
836,63.726,-28.84,-29.07,0.73,0.01,0.59,-0.01,1.09,0.00,1.49,0.00
837,63.759,-26.37,-29.05,0.75,0.00,0.70,-0.05,1.13,0.00,1.50,0.00
838,63.793,-23.84,-29.06,0.78,-0.00,0.93,-0.09,1.19,0.00,1.53,0.00
839,63.826,-21.23,-29.07,0.81,-0.00,1.24,-0.16,1.28,0.00,1.58,0.00
840,63.860,-18.46,-29.07,0.86,-0.01,1.57,-0.28,1.40,0.00,1.63,0.00
841,63.893,-15.52,-29.08,0.92,-0.02,1.80,-0.38,1.52,0.00,1.66,0.00
842,63.926,-12.38,-29.18,0.98,-0.04,1.67,-0.37,1.62,0.00,1.64,0.00
843,63.960,-8.98,-29.36,1.05,-0.05,0.81,-0.25,1.59,0.00,1.52,0.00
844,63.993,-5.32,-29.54,1.06,-0.05,-0.90,-0.12,1.35,0.00,1.27,0.00
845,64.026,-1.64,-29.71,1.00,-0.05,-3.05,-0.08,0.97,0.00,0.97,0.00
846,64.060,1.64,-29.89,0.85,-0.06,-4.87,-0.09,0.60,0.00,0.71,0.00
847,64.093,4.18,-30.08,0.65,-0.06,-5.82,-0.05,0.37,0.00,0.57,0.00
848,64.126,5.94,-30.30,0.44,-0.06,-5.82,0.06,0.25,0.00,0.57,0.01
849,64.160,7.03,-30.53,0.25,-0.06,-5.20,0.13,0.16,0.00,0.66,0.02
850,64.193,7.54,-30.70,0.09,-0.05,-4.24,0.09,0.07,0.00,0.80,0.01
851,64.226,7.54,-30.83,-0.04,-0.05,-3.04,-0.03,0.00,0.00,0.97,0.00
852,64.260,7.16,-30.98,-0.12,-0.05,-1.60,-0.11,0.00,0.00,1.17,0.00
853,64.293,6.58,-31.19,-0.15,-0.06,-0.11,-0.05,0.00,0.00,1.39,0.00
854,64.326,6.01,-31.42,-0.12,-0.06,1.09,0.10,0.00,0.00,1.56,0.01
855,64.360,5.65,-31.62,-0.06,-0.05,1.67,0.23,0.00,0.00,1.64,0.03
856,64.393,5.59,-31.76,0.01,-0.04,1.53,0.24,0.01,0.00,1.62,0.03
857,64.426,5.78,-31.87,0.05,-0.03,0.86,0.16,0.08,0.00,1.52,0.02
858,64.460,6.07,-31.97,0.07,-0.03,0.04,0.05,0.09,0.00,1.41,0.01
859,64.493,6.31,-32.07,0.05,-0.03,-0.58,-0.02,0.07,0.00,1.32,0.00
860,64.527,6.44,-32.17,0.02,-0.03,-0.86,-0.07,0.03,0.00,1.28,0.00
861,64.560,6.45,-32.28,-0.01,-0.04,-0.80,-0.12,0.00,0.00,1.29,0.00
862,64.593,6.34,-32.40,-0.04,-0.04,-0.47,-0.14,0.00,0.00,1.33,0.00
863,64.627,6.14,-32.54,-0.05,-0.05,-0.01,-0.11,0.00,0.00,1.40,0.00
864,64.660,5.94,-32.71,-0.04,-0.05,0.40,-0.04,0.00,0.00,1.46,0.00
865,64.693,5.84,-32.89,-0.02,-0.05,0.62,0.06,0.00,0.00,1.49,0.01
866,64.726,5.85,-33.05,0.01,-0.04,0.64,0.16,0.01,0.00,1.49,0.02
867,64.760,5.91,-33.18,0.03,-0.04,0.49,0.22,0.04,0.00,1.47,0.03
868,64.793,6.04,-33.31,0.04,-0.03,0.29,0.23,0.06,0.00,1.44,0.03
869,64.827,6.23,-33.39,0.05,-0.02,0.19,0.20,0.07,0.00,1.43,0.03
870,64.860,6.39,-33.43,0.05,-0.02,0.21,0.18,0.07,0.00,1.43,0.03
871,64.893,6.52,-33.48,0.06,-0.01,0.31,0.17,0.08,0.00,1.45,0.02
872,64.927,6.73,-33.52,0.07,-0.00,0.34,0.14,0.11,0.00,1.45,0.02
873,64.960,7.02,-33.52,0.09,0.00,0.18,0.03,0.12,0.00,1.43,0.00
874,64.993,7.35,-33.48,0.09,0.00,-0.11,-0.10,0.12,0.00,1.39,0.00
875,65.027,7.65,-33.47,0.08,-0.01,-0.40,-0.14,0.10,0.00,1.34,0.00
876,65.060,7.89,-33.54,0.06,-0.01,-0.60,-0.04,0.08,0.00,1.32,0.00
877,65.093,8.06,-33.63,0.04,-0.01,-0.66,0.10,0.05,0.00,1.31,0.01
878,65.127,8.15,-33.65,0.01,-0.00,-0.54,0.12,0.02,0.00,1.33,0.02
879,65.160,8.13,-33.62,-0.00,0.00,-0.26,0.04,0.00,0.00,1.36,0.01
880,65.194,8.05,-33.61,-0.01,-0.00,0.03,-0.03,0.00,0.00,1.41,0.00
881,65.227,8.03,-33.64,0.00,-0.01,0.16,0.00,0.00,0.00,1.42,0.00
882,65.260,8.08,-33.68,0.01,-0.00,0.00,0.06,0.02,0.00,1.40,0.01
883,65.293,8.15,-33.68,0.01,0.00,-0.39,0.03,0.01,0.00,1.35,0.00
884,65.327,8.18,-33.64,-0.01,0.00,-0.82,-0.08,0.00,0.00,1.28,0.00
885,65.360,8.11,-33.63,-0.05,-0.00,-1.06,-0.18,0.00,0.00,1.25,0.00
886,65.393,7.88,-33.68,-0.09,-0.01,-0.89,-0.20,0.00,0.00,1.27,0.00
887,65.427,7.46,-33.74,-0.12,-0.02,-0.28,-0.12,0.00,0.00,1.36,0.00
888,65.460,6.95,-33.80,-0.12,-0.02,0.56,0.02,0.00,0.00,1.48,0.00
889,65.494,6.54,-33.89,-0.08,-0.02,1.22,0.18,0.00,0.00,1.58,0.03
890,65.527,6.36,-33.97,-0.02,-0.01,1.42,0.30,0.00,0.00,1.60,0.04
891,65.560,6.41,-33.98,0.03,0.00,1.17,0.32,0.04,0.00,1.57,0.05
892,65.594,6.60,-33.92,0.06,0.02,0.64,0.22,0.09,0.00,1.49,0.03
893,65.627,6.85,-33.85,0.07,0.02,0.06,0.05,0.10,0.00,1.41,0.01
894,65.660,7.11,-33.78,0.06,0.02,-0.45,-0.11,0.08,0.00,1.34,0.00
895,65.694,7.31,-33.71,0.04,0.01,-0.77,-0.20,0.05,0.00,1.29,0.00
896,65.727,7.37,-33.69,0.00,0.00,-0.82,-0.21,0.00,0.00,1.28,0.00
897,65.760,7.31,-33.70,-0.03,-0.00,-0.57,-0.15,0.00,0.00,1.32,0.00
898,65.794,7.15,-33.73,-0.04,-0.01,-0.12,-0.02,0.00,0.00,1.39,0.00
899,65.827,6.98,-33.77,-0.03,-0.01,0.36,0.08,0.00,0.00,1.45,0.01
900,65.861,6.87,-33.80,-0.01,-0.00,0.65,0.09,0.00,0.00,1.50,0.01
901,65.894,6.87,-33.77,0.02,0.00,0.66,0.03,0.02,0.00,1.50,0.00
902,65.927,6.99,-33.73,0.04,0.00,0.37,-0.01,0.06,0.00,1.45,0.00
903,65.960,7.18,-33.75,0.04,-0.00,-0.08,0.01,0.06,0.00,1.39,0.00
904,65.994,7.35,-33.78,0.03,0.00,-0.47,0.06,0.04,0.00,1.33,0.01
905,66.027,7.44,-33.77,0.01,0.01,-0.63,0.06,0.01,0.00,1.31,0.01
906,66.060,7.40,-33.72,-0.02,0.01,-0.46,-0.02,0.00,0.00,1.34,0.00
907,66.094,7.27,-33.69,-0.03,0.00,-0.07,-0.08,0.00,0.00,1.39,0.00
908,66.127,7.13,-33.70,-0.02,-0.00,0.31,-0.01,0.00,0.00,1.45,0.00
909,66.161,7.08,-33.73,-0.00,-0.00,0.48,0.15,0.00,0.00,1.47,0.02
910,66.194,7.12,-33.73,0.02,0.01,0.37,0.27,0.02,0.00,1.45,0.04
911,66.227,7.23,-33.67,0.03,0.02,0.01,0.27,0.04,0.00,1.40,0.04
912,66.261,7.34,-33.56,0.02,0.03,-0.51,0.19,0.03,0.00,1.33,0.03
913,66.294,7.41,-33.45,-0.01,0.03,-1.12,0.09,0.00,0.00,1.24,0.01
914,66.327,7.37,-33.35,-0.05,0.03,-1.79,-0.01,0.00,0.00,1.15,0.00
915,66.361,7.13,-33.23,-0.12,0.03,-2.45,-0.11,0.00,0.00,1.05,0.00
916,66.394,6.60,-33.10,-0.22,0.03,-3.05,-0.17,0.00,0.00,0.97,0.00
917,66.427,5.72,-33.02,-0.33,0.02,-3.57,-0.13,0.00,0.00,0.89,0.00
918,66.461,4.44,-32.99,-0.46,0.02,-3.89,0.04,0.00,0.00,0.85,0.01
919,66.494,2.71,-32.96,-0.60,0.02,-3.85,0.28,0.00,0.00,0.85,0.04
920,66.527,0.46,-32.87,-0.73,0.04,-3.38,0.48,0.00,0.00,0.92,0.07
921,66.561,-2.24,-32.73,-0.83,0.06,-2.52,0.56,0.00,0.00,1.04,0.08
922,66.594,-5.19,-32.52,-0.90,0.08,-1.40,0.45,0.00,0.00,1.20,0.06
923,66.627,-8.31,-32.21,-0.93,0.09,-0.28,0.16,0.00,0.00,1.36,0.02
924,66.661,-11.50,-31.85,-0.91,0.09,0.51,-0.19,0.00,0.00,1.48,0.00
925,66.694,-14.52,-31.55,-0.88,0.07,0.76,-0.40,0.00,0.00,1.51,0.00
926,66.727,-17.29,-31.35,-0.85,0.06,0.55,-0.35,0.00,0.00,1.48,0.00
927,66.761,-20.02,-31.22,-0.84,0.05,0.24,-0.14,0.00,0.00,1.44,0.00
928,66.794,-22.86,-31.08,-0.84,0.05,0.20,0.04,0.00,0.00,1.43,0.01
929,66.827,-25.71,-30.91,-0.83,0.05,0.41,0.03,0.00,0.00,1.46,0.00
930,66.861,-28.47,-30.70,-0.81,0.05,0.62,-0.12,0.00,0.00,1.49,0.00
931,66.894,-31.11,-30.51,-0.79,0.05,0.69,-0.29,0.00,0.00,1.50,0.00
932,66.928,-33.68,-30.38,-0.77,0.03,0.74,-0.42,0.00,0.00,1.51,0.00
933,66.961,-36.21,-30.30,-0.74,0.02,0.86,-0.48,0.00,0.00,1.52,0.00
934,66.994,-38.67,-30.25,-0.71,0.00,0.94,-0.48,0.00,0.00,1.54,0.00
935,67.027,-40.97,-30.28,-0.67,-0.02,0.88,-0.43,0.00,0.00,1.53,0.00
936,67.061,-43.10,-30.39,-0.65,-0.03,0.75,-0.31,0.00,0.00,1.51,0.00
937,67.094,-45.21,-30.50,-0.63,-0.04,0.66,-0.11,0.00,0.00,1.50,0.00
938,67.127,-47.32,-30.64,-0.61,-0.04,0.64,0.16,0.00,0.00,1.49,0.02
939,67.161,-49.30,-30.80,-0.58,-0.03,0.71,0.38,0.00,0.00,1.50,0.05
940,67.194,-51.15,-30.89,-0.56,-0.01,0.97,0.48,0.00,0.00,1.54,0.07
941,67.228,-53.01,-30.85,-0.53,0.01,1.48,0.40,0.00,0.00,1.61,0.06
942,67.261,-54.79,-30.78,-0.47,0.02,2.23,0.20,0.00,0.00,1.72,0.03
943,67.294,-56.26,-30.71,-0.38,0.02,3.05,0.02,0.00,0.00,1.84,0.00
944,67.328,-57.34,-30.63,-0.26,0.02,3.78,-0.02,0.00,0.00,1.94,0.00
945,67.361,-58.04,-30.58,-0.12,0.02,4.34,0.05,0.00,0.00,2.02,0.01
946,67.394,-58.26,-30.55,0.03,0.02,4.62,0.13,0.07,0.00,2.06,0.02
947,67.428,-57.87,-30.48,0.19,0.03,4.48,0.13,0.40,0.00,2.04,0.02
948,67.461,-56.90,-30.35,0.34,0.03,3.87,0.01,0.67,0.00,1.96,0.00
949,67.494,-55.48,-30.22,0.46,0.03,2.96,-0.13,0.84,0.00,1.82,0.00
950,67.528,-53.73,-30.13,0.54,0.02,2.00,-0.13,0.91,0.00,1.69,0.00
951,67.561,-51.79,-30.10,0.59,0.02,1.16,0.02,0.92,0.00,1.57,0.00
952,67.594,-49.75,-30.08,0.61,0.02,0.57,0.17,0.91,0.00,1.48,0.02
953,67.628,-47.66,-30.00,0.62,0.03,0.29,0.15,0.89,0.00,1.44,0.02
954,67.661,-45.60,-29.83,0.62,0.04,0.25,-0.01,0.90,0.00,1.44,0.00
955,67.694,-43.55,-29.69,0.64,0.03,0.23,-0.15,0.91,0.00,1.43,0.00
956,67.728,-41.39,-29.64,0.65,0.02,0.08,-0.17,0.91,0.00,1.41,0.00
957,67.761,-39.16,-29.60,0.64,0.02,-0.14,-0.16,0.89,0.00,1.38,0.00
958,67.794,-37.03,-29.52,0.63,0.01,-0.30,-0.18,0.86,0.00,1.36,0.00
959,67.828,-34.98,-29.46,0.62,0.01,-0.26,-0.20,0.84,0.00,1.36,0.00
960,67.861,-32.93,-29.48,0.61,-0.00,-0.02,-0.15,0.86,0.00,1.40,0.00
961,67.895,-30.90,-29.53,0.62,-0.01,0.33,-0.10,0.89,0.00,1.45,0.00
962,67.928,-28.87,-29.54,0.63,-0.01,0.64,-0.14,0.94,0.00,1.49,0.00
963,67.961,-26.75,-29.52,0.66,-0.01,0.79,-0.26,1.00,0.00,1.51,0.00
964,67.995,-24.46,-29.57,0.69,-0.02,0.81,-0.35,1.05,0.00,1.52,0.00
965,68.028,-22.07,-29.71,0.72,-0.04,0.90,-0.36,1.09,0.00,1.53,0.00
966,68.061,-19.68,-29.87,0.74,-0.05,1.23,-0.37,1.17,0.00,1.58,0.00
967,68.095,-17.21,-30.02,0.79,-0.06,1.72,-0.42,1.30,0.00,1.65,0.00
968,68.128,-14.50,-30.23,0.86,-0.08,2.04,-0.38,1.46,0.00,1.69,0.00
969,68.161,-11.48,-30.53,0.94,-0.09,1.84,-0.08,1.56,0.00,1.66,0.00
970,68.195,-8.18,-30.91,1.00,-0.09,0.97,0.40,1.54,0.00,1.54,0.06
971,68.228,-4.70,-31.24,1.02,-0.06,-0.45,0.76,1.36,0.00,1.34,0.11
972,68.261,-1.23,-31.37,0.98,-0.03,-2.16,0.77,1.07,0.00,1.09,0.11
973,68.295,2.01,-31.36,0.87,-0.00,-3.77,0.47,0.75,0.00,0.86,0.07
974,68.328,4.75,-31.33,0.71,0.00,-4.97,0.08,0.49,0.00,0.69,0.01
975,68.361,6.84,-31.32,0.53,-0.00,-5.62,-0.24,0.32,0.00,0.60,0.00
976,68.395,8.26,-31.34,0.33,-0.01,-5.69,-0.45,0.19,0.00,0.59,0.00
977,68.428,9.04,-31.39,0.14,-0.03,-5.16,-0.51,0.09,0.00,0.66,0.00
978,68.461,9.14,-31.53,-0.03,-0.05,-3.96,-0.40,0.00,0.00,0.84,0.00
979,68.495,8.68,-31.78,-0.14,-0.06,-2.21,-0.13,0.00,0.00,1.09,0.00
980,68.528,7.94,-32.03,-0.18,-0.06,-0.36,0.17,0.00,0.00,1.35,0.02
981,68.562,7.25,-32.22,-0.15,-0.05,1.04,0.39,0.00,0.00,1.55,0.06
982,68.595,6.82,-32.36,-0.09,-0.03,1.71,0.47,0.00,0.00,1.65,0.07
983,68.628,6.66,-32.46,-0.03,-0.02,1.67,0.44,0.00,0.00,1.64,0.06
984,68.662,6.70,-32.48,0.03,-0.00,1.18,0.32,0.04,0.00,1.57,0.05
985,68.695,6.90,-32.45,0.06,0.01,0.48,0.14,0.08,0.00,1.47,0.02
986,68.728,7.17,-32.41,0.06,0.01,-0.20,-0.06,0.08,0.00,1.37,0.00
987,68.761,7.38,-32.38,0.04,0.00,-0.67,-0.18,0.05,0.00,1.31,0.00
988,68.795,7.46,-32.40,0.01,-0.01,-0.79,-0.19,0.01,0.00,1.29,0.00
989,68.828,7.40,-32.45,-0.02,-0.01,-0.60,-0.14,0.00,0.00,1.32,0.00
990,68.862,7.26,-32.51,-0.04,-0.02,-0.29,-0.11,0.00,0.00,1.36,0.00
991,68.895,7.12,-32.56,-0.04,-0.02,-0.03,-0.09,0.00,0.00,1.40,0.00
992,68.928,7.01,-32.62,-0.03,-0.02,0.15,-0.07,0.00,0.00,1.42,0.00
993,68.962,6.89,-32.72,-0.03,-0.03,0.31,-0.01,0.00,0.00,1.45,0.00
994,68.995,6.80,-32.82,-0.02,-0.02,0.46,0.07,0.00,0.00,1.47,0.01
995,69.028,6.76,-32.89,0.00,-0.02,0.58,0.14,0.01,0.00,1.48,0.02
996,69.062,6.82,-32.94,0.03,-0.02,0.58,0.21,0.04,0.00,1.48,0.03
997,69.095,6.95,-33.00,0.05,-0.01,0.47,0.28,0.07,0.00,1.47,0.04
998,69.128,7.14,-33.02,0.06,0.00,0.31,0.31,0.08,0.00,1.45,0.04
999,69.162,7.36,-32.97,0.06,0.02,0.16,0.25,0.09,0.00,1.42,0.04
1000,69.195,7.58,-32.88,0.07,0.02,-0.01,0.12,0.10,0.00,1.40,0.02
1001,69.229,7.81,-32.79,0.07,0.02,-0.21,-0.01,0.09,0.00,1.37,0.00
1002,69.262,8.06,-32.72,0.06,0.02,-0.38,-0.08,0.07,0.00,1.35,0.00
1003,69.295,8.22,-32.65,0.04,0.02,-0.47,-0.09,0.05,0.00,1.33,0.00
1004,69.328,8.29,-32.60,0.02,0.01,-0.43,-0.08,0.03,0.00,1.34,0.00
1005,69.362,8.32,-32.56,0.01,0.01,-0.25,-0.07,0.01,0.00,1.37,0.00
1006,69.395,8.33,-32.53,0.00,0.01,0.00,-0.06,0.00,0.00,1.40,0.00
1007,69.428,8.32,-32.49,0.01,0.01,0.22,-0.07,0.01,0.00,1.43,0.00
1008,69.462,8.33,-32.47,0.02,0.01,0.29,-0.12,0.03,0.00,1.44,0.00
1009,69.495,8.44,-32.45,0.03,0.00,0.16,-0.16,0.05,0.00,1.42,0.00
1010,69.529,8.60,-32.44,0.03,-0.01,-0.16,-0.16,0.05,0.00,1.38,0.00
1011,69.562,8.72,-32.49,0.02,-0.01,-0.54,-0.14,0.03,0.00,1.33,0.00
1012,69.595,8.76,-32.56,-0.00,-0.01,-0.87,-0.14,0.00,0.00,1.28,0.00
1013,69.629,8.73,-32.59,-0.04,-0.02,-1.05,-0.18,0.00,0.00,1.25,0.00
1014,69.662,8.55,-32.64,-0.08,-0.03,-0.97,-0.18,0.00,0.00,1.26,0.00
1015,69.695,8.20,-32.76,-0.11,-0.04,-0.56,-0.07,0.00,0.00,1.32,0.00
1016,69.729,7.73,-32.92,-0.12,-0.03,0.14,0.13,0.00,0.00,1.42,0.02
1017,69.762,7.28,-33.03,-0.10,-0.02,0.87,0.29,0.00,0.00,1.53,0.04
1018,69.795,6.97,-33.09,-0.06,-0.01,1.35,0.35,0.00,0.00,1.59,0.05
1019,69.829,6.86,-33.10,-0.00,0.00,1.36,0.32,0.00,0.00,1.60,0.05
1020,69.862,6.97,-33.08,0.04,0.01,0.88,0.22,0.07,0.00,1.53,0.03
1021,69.896,7.24,-33.03,0.06,0.02,0.13,0.10,0.09,0.00,1.42,0.01
1022,69.929,7.52,-32.95,0.05,0.02,-0.57,-0.03,0.07,0.00,1.32,0.00
1023,69.962,7.66,-32.89,0.02,0.01,-0.92,-0.12,0.02,0.00,1.27,0.00
1024,69.995,7.63,-32.87,-0.02,0.01,-0.84,-0.17,0.00,0.00,1.28,0.00
1025,70.029,7.47,-32.86,-0.05,0.00,-0.43,-0.20,0.00,0.00,1.34,0.00
1026,70.062,7.27,-32.85,-0.05,-0.01,0.10,-0.24,0.00,0.00,1.42,0.00
1027,70.095,7.08,-32.87,-0.04,-0.01,0.56,-0.25,0.00,0.00,1.48,0.00
1028,70.129,6.95,-32.95,-0.01,-0.02,0.79,-0.20,0.00,0.00,1.51,0.00
1029,70.162,6.98,-33.05,0.02,-0.03,0.67,-0.08,0.03,0.00,1.50,0.00
1030,70.196,7.16,-33.16,0.04,-0.03,0.24,0.07,0.06,0.00,1.44,0.01
1031,70.229,7.36,-33.26,0.04,-0.02,-0.31,0.18,0.06,0.00,1.36,0.03
1032,70.262,7.49,-33.34,0.02,-0.02,-0.71,0.22,0.02,0.00,1.30,0.03
1033,70.296,7.51,-33.37,-0.01,-0.01,-0.77,0.18,0.00,0.00,1.29,0.03
1034,70.329,7.39,-33.37,-0.04,-0.00,-0.47,0.09,0.00,0.00,1.33,0.01
1035,70.362,7.18,-33.38,-0.05,-0.00,0.01,0.01,0.00,0.00,1.40,0.00
1036,70.396,6.98,-33.38,-0.04,-0.00,0.44,-0.01,0.00,0.00,1.47,0.00
1037,70.429,6.88,-33.40,-0.01,-0.00,0.62,0.02,0.00,0.00,1.49,0.00
1038,70.462,6.89,-33.43,0.01,-0.00,0.46,0.08,0.02,0.00,1.47,0.01
1039,70.496,6.99,-33.43,0.02,0.00,0.02,0.14,0.03,0.00,1.41,0.02
1040,70.529,7.11,-33.41,0.01,0.01,-0.53,0.18,0.02,0.00,1.33,0.03
1041,70.562,7.15,-33.39,-0.01,0.01,-1.10,0.18,0.00,0.00,1.24,0.03
1042,70.596,7.06,-33.34,-0.06,0.02,-1.65,0.12,0.00,0.00,1.17,0.02
1043,70.629,6.79,-33.24,-0.12,0.02,-2.22,0.01,0.00,0.00,1.08,0.00
1044,70.662,6.30,-33.15,-0.21,0.02,-2.79,-0.09,0.00,0.00,1.00,0.00
1045,70.696,5.48,-33.10,-0.31,0.02,-3.30,-0.17,0.00,0.00,0.93,0.00
1046,70.729,4.28,-33.06,-0.43,0.01,-3.60,-0.17,0.00,0.00,0.89,0.00
1047,70.762,2.64,-33.03,-0.56,0.00,-3.57,-0.08,0.00,0.00,0.89,0.00
1048,70.796,0.54,-33.03,-0.68,-0.00,-3.12,0.14,0.00,0.00,0.96,0.02
1049,70.829,-1.95,-33.07,-0.77,0.01,-2.33,0.41,0.00,0.00,1.07,0.06
1050,70.863,-4.73,-33.04,-0.84,0.03,-1.36,0.57,0.00,0.00,1.21,0.08
1051,70.896,-7.64,-32.89,-0.86,0.05,-0.48,0.48,0.00,0.00,1.33,0.07
1052,70.929,-10.56,-32.63,-0.86,0.07,0.14,0.19,0.00,0.00,1.42,0.03
1053,70.963,-13.42,-32.37,-0.85,0.07,0.43,-0.09,0.00,0.00,1.46,0.00
1054,70.996,-16.21,-32.17,-0.83,0.06,0.40,-0.19,0.00,0.00,1.46,0.00
1055,71.029,-18.92,-32.02,-0.81,0.05,0.21,-0.17,0.00,0.00,1.43,0.00
1056,71.063,-21.60,-31.86,-0.81,0.05,0.07,-0.18,0.00,0.00,1.41,0.00
1057,71.096,-24.31,-31.70,-0.82,0.04,0.14,-0.29,0.00,0.00,1.42,0.00
1058,71.129,-27.08,-31.56,-0.81,0.03,0.39,-0.45,0.00,0.00,1.46,0.00
1059,71.163,-29.79,-31.49,-0.79,0.01,0.63,-0.52,0.00,0.00,1.49,0.00
1060,71.196,-32.37,-31.49,-0.76,-0.01,0.68,-0.41,0.00,0.00,1.50,0.00
1061,71.229,-34.84,-31.59,-0.74,-0.02,0.55,-0.20,0.00,0.00,1.48,0.00
1062,71.263,-37.25,-31.71,-0.73,-0.02,0.42,-0.09,0.00,0.00,1.46,0.00
1063,71.296,-39.65,-31.75,-0.72,-0.02,0.47,-0.13,0.00,0.00,1.47,0.00
1064,71.329,-42.06,-31.79,-0.70,-0.03,0.63,-0.21,0.00,0.00,1.49,0.00
1065,71.363,-44.37,-31.91,-0.67,-0.04,0.72,-0.13,0.00,0.00,1.50,0.00
1066,71.396,-46.54,-32.12,-0.64,-0.05,0.65,0.14,0.00,0.00,1.49,0.02
1067,71.429,-48.61,-32.29,-0.63,-0.03,0.58,0.41,0.00,0.00,1.49,0.06
1068,71.463,-50.68,-32.35,-0.61,-0.01,0.78,0.49,0.00,0.00,1.51,0.07
1069,71.496,-52.76,-32.33,-0.59,0.01,1.33,0.39,0.00,0.00,1.59,0.06
1070,71.529,-54.70,-32.28,-0.53,0.02,2.15,0.25,0.00,0.00,1.71,0.04
1071,71.563,-56.37,-32.23,-0.44,0.02,3.08,0.22,0.00,0.00,1.84,0.03
1072,71.596,-57.71,-32.15,-0.32,0.03,3.97,0.33,0.00,0.00,1.97,0.05
1073,71.629,-58.64,-32.06,-0.18,0.04,4.67,0.45,0.00,0.00,2.07,0.06
1074,71.663,-58.98,-31.92,-0.01,0.06,5.01,0.42,0.00,0.00,2.12,0.06
1075,71.696,-58.67,-31.67,0.17,0.08,4.82,0.18,0.36,0.00,2.09,0.03
1076,71.729,-57.78,-31.34,0.33,0.08,4.11,-0.12,0.65,0.00,1.99,0.00
1077,71.763,-56.39,-31.09,0.45,0.06,3.13,-0.25,0.83,0.00,1.85,0.00
1078,71.796,-54.64,-30.96,0.54,0.05,2.14,-0.13,0.91,0.00,1.71,0.00
1079,71.829,-52.72,-30.83,0.59,0.05,1.25,0.14,0.93,0.00,1.58,0.02
1080,71.863,-50.69,-30.64,0.62,0.06,0.54,0.35,0.91,0.00,1.48,0.05
1081,71.896,-48.54,-30.41,0.62,0.08,0.09,0.34,0.88,0.00,1.41,0.05
1082,71.930,-46.45,-30.13,0.61,0.09,-0.05,0.10,0.86,0.00,1.39,0.01
1083,71.963,-44.48,-29.78,0.61,0.09,0.02,-0.28,0.86,0.00,1.40,0.00
1084,71.996,-42.48,-29.45,0.62,0.07,0.07,-0.63,0.87,0.00,1.41,0.00
1085,72.030,-40.36,-29.26,0.62,0.04,-0.10,-0.75,0.87,0.00,1.39,0.00
1086,72.063,-38.23,-29.20,0.61,0.01,-0.37,-0.62,0.83,0.00,1.35,0.00
1087,72.096,-36.20,-29.22,0.59,-0.00,-0.40,-0.34,0.80,0.00,1.34,0.00
1088,72.130,-34.31,-29.25,0.58,-0.01,-0.12,-0.08,0.80,0.00,1.39,0.00
1089,72.163,-32.46,-29.29,0.58,-0.01,0.25,0.02,0.84,0.00,1.44,0.00
1090,72.196,-30.49,-29.31,0.60,-0.00,0.43,-0.07,0.88,0.00,1.46,0.00
1091,72.230,-28.41,-29.28,0.62,-0.01,0.44,-0.24,0.90,0.00,1.46,0.00
1092,72.263,-26.33,-29.29,0.63,-0.02,0.49,-0.33,0.92,0.00,1.47,0.00
1093,72.296,-24.26,-29.40,0.64,-0.03,0.74,-0.24,0.97,0.00,1.51,0.00
1094,72.330,-22.11,-29.57,0.67,-0.04,1.19,-0.02,1.06,0.00,1.57,0.00
1095,72.363,-19.81,-29.72,0.72,-0.03,1.66,0.11,1.18,0.00,1.64,0.02
1096,72.396,-17.34,-29.80,0.79,-0.02,1.95,-0.01,1.32,0.00,1.68,0.00
1097,72.430,-14.60,-29.84,0.86,-0.03,1.95,-0.25,1.44,0.00,1.68,0.00
1098,72.463,-11.59,-29.92,0.93,-0.05,1.57,-0.35,1.50,0.00,1.63,0.00
1099,72.496,-8.37,-30.14,0.97,-0.06,0.70,-0.24,1.46,0.00,1.50,0.00
1100,72.530,-5.03,-30.41,0.98,-0.06,-0.72,-0.07,1.28,0.00,1.30,0.00
1101,72.563,-1.67,-30.60,0.94,-0.06,-2.52,-0.02,0.98,0.00,1.04,0.00
1102,72.596,1.47,-30.75,0.82,-0.06,-4.23,-0.06,0.65,0.00,0.80,0.00
1103,72.630,4.00,-30.96,0.64,-0.07,-5.35,-0.00,0.41,0.00,0.64,0.00
1104,72.663,5.75,-31.24,0.44,-0.07,-5.61,0.16,0.26,0.00,0.60,0.02
1105,72.697,6.84,-31.49,0.25,-0.05,-5.14,0.24,0.17,0.00,0.67,0.03
1106,72.730,7.35,-31.59,0.09,-0.04,-4.22,0.16,0.07,0.00,0.80,0.02
1107,72.763,7.35,-31.68,-0.04,-0.04,-3.01,0.02,0.00,0.00,0.97,0.00
1108,72.797,6.98,-31.86,-0.12,-0.05,-1.53,-0.00,0.00,0.00,1.18,0.00
1109,72.830,6.39,-32.06,-0.14,-0.05,0.00,0.11,0.00,0.00,1.40,0.02
1110,72.863,5.84,-32.19,-0.11,-0.04,1.21,0.23,0.00,0.00,1.57,0.03
1111,72.897,5.53,-32.29,-0.05,-0.03,1.75,0.27,0.00,0.00,1.65,0.04
1112,72.930,5.54,-32.38,0.02,-0.02,1.54,0.25,0.04,0.00,1.62,0.04
1113,72.963,5.78,-32.44,0.07,-0.01,0.85,0.18,0.10,0.00,1.52,0.03
1114,72.997,6.10,-32.45,0.08,-0.01,0.07,0.05,0.11,0.00,1.41,0.01
1115,73.030,6.38,-32.45,0.07,-0.01,-0.52,-0.13,0.09,0.00,1.33,0.00
1116,73.063,6.56,-32.47,0.04,-0.02,-0.83,-0.25,0.05,0.00,1.28,0.00
1117,73.097,6.65,-32.53,0.01,-0.03,-0.86,-0.19,0.01,0.00,1.28,0.00
1118,73.130,6.61,-32.65,-0.02,-0.03,-0.64,0.04,0.00,0.00,1.31,0.01
1119,73.163,6.45,-32.81,-0.04,-0.03,-0.23,0.29,0.00,0.00,1.37,0.04
1120,73.197,6.25,-32.89,-0.04,-0.01,0.18,0.38,0.00,0.00,1.43,0.05
1121,73.230,6.13,-32.85,-0.03,0.01,0.43,0.26,0.00,0.00,1.46,0.04
1122,73.264,6.09,-32.79,-0.01,0.01,0.47,0.05,0.00,0.00,1.47,0.01
1123,73.297,6.11,-32.76,0.01,0.01,0.38,-0.09,0.01,0.00,1.46,0.00
1124,73.330,6.16,-32.75,0.02,0.00,0.27,-0.08,0.03,0.00,1.44,0.00
1125,73.363,6.23,-32.77,0.03,-0.00,0.20,0.00,0.04,0.00,1.43,0.00
1126,73.397,6.34,-32.78,0.03,0.00,0.21,0.07,0.04,0.00,1.43,0.01
1127,73.430,6.45,-32.76,0.04,0.00,0.34,0.10,0.05,0.00,1.45,0.01
1128,73.463,6.55,-32.73,0.05,0.01,0.48,0.10,0.07,0.00,1.47,0.01
1129,73.497,6.73,-32.71,0.07,0.01,0.52,0.08,0.11,0.00,1.48,0.01
1130,73.530,7.04,-32.66,0.09,0.01,0.39,0.03,0.13,0.00,1.46,0.00
1131,73.564,7.40,-32.59,0.10,0.01,0.10,-0.01,0.14,0.00,1.42,0.00
1132,73.597,7.74,-32.55,0.10,0.01,-0.24,-0.03,0.13,0.00,1.37,0.00
1133,73.630,8.07,-32.52,0.08,0.01,-0.52,-0.04,0.11,0.00,1.33,0.00
1134,73.664,8.35,-32.49,0.06,0.01,-0.66,-0.07,0.08,0.00,1.31,0.00
1135,73.697,8.49,-32.44,0.04,0.01,-0.67,-0.13,0.05,0.00,1.31,0.00
1136,73.730,8.54,-32.41,0.01,0.00,-0.57,-0.17,0.02,0.00,1.32,0.00
1137,73.764,8.57,-32.42,-0.00,-0.00,-0.42,-0.15,0.00,0.00,1.34,0.00
1138,73.797,8.55,-32.46,-0.01,-0.01,-0.27,-0.12,0.00,0.00,1.36,0.00
1139,73.830,8.46,-32.49,-0.02,-0.01,-0.15,-0.13,0.00,0.00,1.38,0.00
1140,73.864,8.36,-32.51,-0.02,-0.02,-0.18,-0.14,0.00,0.00,1.38,0.00
1141,73.897,8.32,-32.58,-0.03,-0.02,-0.38,-0.09,0.00,0.00,1.35,0.00
1142,73.930,8.26,-32.69,-0.04,-0.03,-0.63,0.05,0.00,0.00,1.31,0.01
1143,73.964,8.07,-32.79,-0.07,-0.02,-0.73,0.17,0.00,0.00,1.30,0.02
1144,73.997,7.75,-32.83,-0.10,-0.01,-0.55,0.17,0.00,0.00,1.32,0.02
1145,74.030,7.35,-32.83,-0.11,-0.00,-0.15,0.07,0.00,0.00,1.38,0.01
1146,74.064,6.94,-32.83,-0.11,-0.01,0.37,-0.03,0.00,0.00,1.45,0.00
1147,74.097,6.56,-32.86,-0.09,-0.01,0.90,-0.04,0.00,0.00,1.53,0.00
1148,74.130,6.28,-32.91,-0.05,-0.01,1.31,0.03,0.00,0.00,1.59,0.00
1149,74.164,6.17,-32.95,0.00,-0.01,1.39,0.10,0.01,0.00,1.60,0.01
1150,74.197,6.29,-32.96,0.05,-0.00,0.97,0.14,0.08,0.00,1.54,0.02
1151,74.231,6.61,-32.97,0.08,0.00,0.15,0.12,0.11,0.00,1.42,0.02
1152,74.264,6.96,-32.95,0.07,0.01,-0.74,0.04,0.09,0.00,1.30,0.01
1153,74.297,7.16,-32.90,0.02,0.01,-1.28,-0.09,0.03,0.00,1.22,0.00
1154,74.331,7.12,-32.88,-0.03,0.00,-1.24,-0.23,0.00,0.00,1.22,0.00
1155,74.364,6.88,-32.88,-0.07,-0.01,-0.70,-0.31,0.00,0.00,1.30,0.00
1156,74.397,6.53,-32.93,-0.08,-0.02,0.04,-0.25,0.00,0.00,1.41,0.00
1157,74.431,6.22,-33.04,-0.07,-0.03,0.63,-0.03,0.00,0.00,1.49,0.00
1158,74.464,6.04,-33.17,-0.03,-0.03,0.88,0.23,0.00,0.00,1.53,0.03
1159,74.497,6.01,-33.26,-0.00,-0.01,0.81,0.37,0.00,0.00,1.52,0.05
1160,74.531,6.07,-33.26,0.02,0.00,0.53,0.29,0.03,0.00,1.48,0.04
1161,74.564,6.19,-33.19,0.04,0.01,0.16,0.05,0.05,0.00,1.42,0.01
1162,74.597,6.34,-33.14,0.04,0.01,-0.22,-0.17,0.05,0.00,1.37,0.00
1163,74.631,6.47,-33.13,0.02,-0.00,-0.52,-0.26,0.03,0.00,1.33,0.00
1164,74.664,6.52,-33.17,-0.00,-0.01,-0.57,-0.19,0.00,0.00,1.32,0.00
1165,74.697,6.44,-33.24,-0.03,-0.02,-0.32,-0.05,0.00,0.00,1.36,0.00
1166,74.731,6.27,-33.31,-0.03,-0.02,0.08,0.13,0.00,0.00,1.41,0.02
1167,74.764,6.15,-33.37,-0.02,-0.01,0.37,0.29,0.00,0.00,1.45,0.04
1168,74.797,6.14,-33.40,0.00,0.00,0.41,0.37,0.00,0.00,1.46,0.05
1169,74.831,6.21,-33.37,0.01,0.02,0.22,0.30,0.02,0.00,1.43,0.04
1170,74.864,6.27,-33.25,0.02,0.03,-0.06,0.14,0.02,0.00,1.39,0.02
1171,74.898,6.32,-33.14,0.01,0.03,-0.44,0.02,0.01,0.00,1.34,0.00
1172,74.931,6.36,-33.07,-0.01,0.02,-1.01,-0.00,0.00,0.00,1.26,0.00
1173,74.964,6.34,-33.02,-0.05,0.02,-1.79,0.04,0.00,0.00,1.15,0.01
1174,74.998,6.14,-32.92,-0.12,0.03,-2.60,0.05,0.00,0.00,1.03,0.01
1175,75.031,5.61,-32.80,-0.23,0.03,-3.16,-0.04,0.00,0.00,0.95,0.00
1176,75.064,4.65,-32.70,-0.35,0.03,-3.35,-0.16,0.00,0.00,0.92,0.00
1177,75.097,3.26,-32.61,-0.46,0.02,-3.24,-0.18,0.00,0.00,0.94,0.00
1178,75.131,1.54,-32.56,-0.56,0.01,-2.99,-0.00,0.00,0.00,0.97,0.00
1179,75.164,-0.50,-32.57,-0.66,0.01,-2.63,0.29,0.00,0.00,1.03,0.04
1180,75.198,-2.87,-32.56,-0.74,0.03,-2.06,0.52,0.00,0.00,1.11,0.07
1181,75.231,-5.52,-32.40,-0.80,0.06,-1.24,0.49,0.00,0.00,1.22,0.07
1182,75.264,-8.34,-32.13,-0.83,0.07,-0.36,0.17,0.00,0.00,1.35,0.02
1183,75.298,-11.17,-31.86,-0.82,0.07,0.30,-0.27,0.00,0.00,1.44,0.00
1184,75.331,-13.87,-31.64,-0.80,0.05,0.59,-0.52,0.00,0.00,1.49,0.00
1185,75.364,-16.47,-31.50,-0.77,0.02,0.52,-0.41,0.00,0.00,1.48,0.00
1186,75.398,-19.02,-31.49,-0.76,0.01,0.21,0.04,0.00,0.00,1.43,0.01
1187,75.431,-21.51,-31.52,-0.76,0.03,-0.11,0.52,0.00,0.00,1.39,0.07
1188,75.464,-24.01,-31.41,-0.77,0.06,-0.22,0.66,0.00,0.01,1.37,0.09
1189,75.498,-26.64,-31.12,-0.78,0.08,-0.04,0.28,0.00,0.00,1.40,0.04
1190,75.531,-29.32,-30.74,-0.78,0.08,0.31,-0.36,0.00,0.00,1.45,0.00
1191,75.565,-31.90,-30.45,-0.76,0.05,0.57,-0.76,0.00,0.00,1.48,0.00
1192,75.598,-34.38,-30.35,-0.73,0.02,0.58,-0.66,0.00,0.00,1.49,0.00
1193,75.631,-36.76,-30.42,-0.72,0.00,0.44,-0.28,0.00,0.00,1.46,0.00
1194,75.665,-39.11,-30.46,-0.71,0.00,0.33,-0.04,0.00,0.00,1.45,0.00
1195,75.698,-41.48,-30.38,-0.70,0.01,0.34,-0.15,0.00,0.00,1.45,0.00
1196,75.731,-43.80,-30.30,-0.69,-0.00,0.46,-0.44,0.00,0.00,1.47,0.00
1197,75.764,-46.05,-30.33,-0.67,-0.03,0.60,-0.53,0.00,0.00,1.49,0.00
1198,75.798,-48.27,-30.49,-0.64,-0.05,0.71,-0.23,0.00,0.00,1.50,0.00
1199,75.831,-50.38,-30.72,-0.62,-0.05,0.95,0.27,0.00,0.00,1.54,0.04
1200,75.865,-52.39,-30.89,-0.59,-0.03,1.51,0.69,0.00,0.00,1.62,0.10
1201,75.898,-54.36,-30.91,-0.53,0.01,2.36,0.87,0.00,0.00,1.74,0.12
1202,75.931,-56.10,-30.83,-0.44,0.04,3.36,0.80,0.00,0.00,1.88,0.11
1203,75.965,-57.36,-30.66,-0.30,0.06,4.26,0.55,0.00,0.00,2.01,0.08
1204,75.998,-58.15,-30.40,-0.14,0.08,4.81,0.18,0.00,0.00,2.09,0.03
1205,76.031,-58.39,-30.08,0.03,0.08,4.92,-0.18,0.06,0.00,2.10,0.00
1206,76.065,-57.97,-29.83,0.19,0.06,4.63,-0.43,0.40,0.00,2.06,0.00
1207,76.098,-57.01,-29.69,0.34,0.04,3.95,-0.50,0.68,0.00,1.97,0.00
1208,76.131,-55.61,-29.58,0.46,0.02,2.98,-0.37,0.85,0.00,1.83,0.00
1209,76.165,-53.83,-29.51,0.54,0.01,1.95,-0.11,0.92,0.00,1.68,0.00
1210,76.198,-51.84,-29.51,0.59,0.02,1.08,0.12,0.92,0.00,1.56,0.02
1211,76.231,-49.81,-29.48,0.61,0.03,0.48,0.22,0.90,0.00,1.47,0.03
1212,76.265,-47.77,-29.33,0.61,0.04,0.16,0.14,0.88,0.00,1.42,0.02
1213,76.298,-45.71,-29.16,0.62,0.04,-0.01,-0.04,0.86,0.00,1.40,0.00
1214,76.331,-43.64,-29.06,0.62,0.03,-0.15,-0.19,0.85,0.00,1.38,0.00
1215,76.365,-41.59,-28.98,0.61,0.02,-0.20,-0.24,0.83,0.00,1.37,0.00
1216,76.398,-39.59,-28.91,0.60,0.02,-0.14,-0.23,0.83,0.00,1.38,0.00
1217,76.431,-37.64,-28.86,0.60,0.01,-0.05,-0.22,0.83,0.00,1.40,0.00
1218,76.465,-35.65,-28.87,0.60,0.00,0.01,-0.22,0.84,0.00,1.40,0.00
1219,76.498,-33.63,-28.87,0.60,-0.01,0.02,-0.22,0.84,0.00,1.40,0.00
1220,76.532,-31.64,-28.90,0.60,-0.01,0.04,-0.20,0.84,0.00,1.41,0.00
1221,76.565,-29.67,-28.97,0.60,-0.02,0.16,-0.16,0.85,0.00,1.42,0.00
1222,76.598,-27.68,-29.06,0.61,-0.03,0.32,-0.11,0.88,0.00,1.45,0.00
1223,76.632,-25.65,-29.16,0.62,-0.03,0.43,-0.11,0.91,0.00,1.46,0.00
1224,76.665,-23.55,-29.25,0.64,-0.03,0.46,-0.24,0.94,0.00,1.47,0.00
1225,76.698,-21.38,-29.33,0.65,-0.04,0.57,-0.39,0.97,0.00,1.48,0.00
1226,76.732,-19.19,-29.47,0.67,-0.06,0.94,-0.44,1.03,0.00,1.54,0.00
1227,76.765,-16.97,-29.74,0.71,-0.08,1.55,-0.32,1.15,0.00,1.62,0.00
1228,76.798,-14.60,-30.03,0.77,-0.08,2.15,-0.06,1.32,0.00,1.71,0.00
1229,76.832,-11.91,-30.31,0.86,-0.08,2.36,0.25,1.49,0.00,1.74,0.04
1230,76.865,-8.86,-30.58,0.95,-0.07,1.83,0.48,1.57,0.00,1.66,0.07
1231,76.898,-5.52,-30.80,1.00,-0.04,0.45,0.52,1.47,0.00,1.47,0.07
1232,76.932,-2.03,-30.88,0.99,-0.02,-1.54,0.34,1.17,0.00,1.18,0.05
1233,76.965,1.35,-30.90,0.90,-0.02,-3.59,0.04,0.80,0.00,0.89,0.01
1234,76.998,4.23,-30.94,0.74,-0.03,-5.13,-0.18,0.49,0.00,0.67,0.00
1235,77.032,6.36,-31.06,0.54,-0.04,-5.87,-0.17,0.30,0.00,0.56,0.00
1236,77.065,7.77,-31.22,0.33,-0.04,-5.87,-0.04,0.19,0.00,0.56,0.00
1237,77.098,8.54,-31.37,0.14,-0.04,-5.30,0.04,0.09,0.00,0.65,0.01
1238,77.132,8.66,-31.46,-0.03,-0.03,-4.21,0.00,0.00,0.00,0.80,0.00
1239,77.165,8.21,-31.55,-0.16,-0.04,-2.61,-0.07,0.00,0.00,1.03,0.00
1240,77.199,7.41,-31.70,-0.22,-0.04,-0.67,-0.10,0.00,0.00,1.31,0.00
1241,77.232,6.55,-31.85,-0.20,-0.04,1.15,-0.03,0.00,0.00,1.57,0.00
1242,77.265,5.90,-31.99,-0.12,-0.04,2.33,0.15,0.00,0.00,1.73,0.02
1243,77.299,5.64,-32.14,-0.02,-0.04,2.54,0.40,0.00,0.00,1.76,0.06
1244,77.332,5.81,-32.28,0.07,-0.02,1.84,0.61,0.11,0.00,1.66,0.09
1245,77.365,6.24,-32.31,0.11,0.01,0.62,0.66,0.17,0.00,1.49,0.09
1246,77.398,6.72,-32.20,0.11,0.03,-0.59,0.49,0.14,0.00,1.32,0.07
1247,77.432,7.07,-32.04,0.06,0.04,-1.36,0.15,0.08,0.00,1.21,0.02
1248,77.465,7.18,-31.87,0.00,0.04,-1.54,-0.15,0.00,0.00,1.18,0.00
1249,77.499,7.06,-31.73,-0.05,0.03,-1.22,-0.27,0.00,0.00,1.23,0.00
1250,77.532,6.78,-31.66,-0.08,0.02,-0.60,-0.15,0.00,0.00,1.32,0.00
1251,77.565,6.42,-31.64,-0.09,0.02,0.10,0.09,0.00,0.00,1.42,0.01
1252,77.599,6.08,-31.61,-0.08,0.02,0.69,0.31,0.00,0.00,1.50,0.04
1253,77.632,5.86,-31.50,-0.04,0.04,1.05,0.42,0.00,0.00,1.55,0.06
1254,77.665,5.79,-31.32,0.00,0.06,1.06,0.41,0.00,0.00,1.55,0.06
1255,77.699,5.88,-31.11,0.04,0.07,0.70,0.31,0.06,0.00,1.50,0.04
1256,77.732,6.11,-30.87,0.06,0.08,0.07,0.17,0.08,0.00,1.41,0.02
1257,77.765,6.35,-30.58,0.04,0.08,-0.57,0.05,0.06,0.00,1.32,0.01
1258,77.799,6.48,-30.29,0.01,0.08,-0.95,0.03,0.01,0.00,1.27,0.00
1259,77.832,6.43,-30.05,-0.03,0.08,-0.96,0.14,0.00,0.00,1.26,0.02
1260,77.865,6.24,-29.82,-0.06,0.09,-0.68,0.28,0.00,0.00,1.30,0.04
1261,77.899,5.99,-29.51,-0.08,0.10,-0.25,0.35,0.00,0.01,1.37,0.05
1262,77.932,5.70,-29.12,-0.08,0.11,0.18,0.34,0.00,0.01,1.43,0.05
1263,77.965,5.42,-28.73,-0.06,0.12,0.45,0.32,0.00,0.01,1.47,0.05
1264,77.999,5.24,-28.33,-0.04,0.13,0.44,0.36,0.00,0.01,1.46,0.05
1265,78.032,5.19,-27.87,-0.02,0.15,0.17,0.42,0.00,0.01,1.43,0.06
1266,78.065,5.15,-27.35,-0.03,0.16,-0.17,0.48,0.00,0.01,1.38,0.07
1267,78.099,5.05,-26.79,-0.04,0.18,-0.35,0.56,0.00,0.01,1.35,0.08
1268,78.132,4.87,-26.18,-0.06,0.20,-0.32,0.72,0.00,0.02,1.36,0.10
1269,78.166,4.63,-25.51,-0.06,0.22,-0.21,0.96,0.00,0.03,1.37,0.14
1270,78.199,4.41,-24.73,-0.07,0.26,-0.14,1.17,0.00,0.04,1.38,0.17
1271,78.232,4.21,-23.80,-0.07,0.30,-0.13,1.20,0.00,0.05,1.38,0.17
1272,78.266,3.95,-22.70,-0.08,0.35,-0.12,1.02,0.00,0.05,1.38,0.15
1273,78.299,3.67,-21.45,-0.08,0.38,-0.03,0.69,0.00,0.04,1.40,0.10
1274,78.332,3.40,-20.13,-0.08,0.39,0.21,0.36,0.00,0.02,1.43,0.05
1275,78.365,3.12,-18.81,-0.07,0.40,0.57,0.13,0.00,0.01,1.48,0.02
1276,78.399,2.86,-17.49,-0.05,0.40,0.94,-0.02,0.00,0.00,1.54,0.00
1277,78.432,2.74,-16.16,-0.00,0.40,1.15,-0.19,0.00,0.00,1.57,0.00
1278,78.466,2.82,-14.82,0.04,0.39,1.08,-0.43,0.06,0.00,1.56,0.00
1279,78.499,3.06,-13.53,0.07,0.37,0.79,-0.63,0.11,0.00,1.51,0.00
1280,78.532,3.35,-12.34,0.09,0.34,0.44,-0.61,0.13,0.00,1.46,0.00
1281,78.566,3.67,-11.27,0.10,0.32,0.10,-0.30,0.14,0.00,1.42,0.00
1282,78.599,4.03,-10.27,0.10,0.32,-0.29,0.17,0.14,0.01,1.36,0.02
1283,78.632,4.39,-9.24,0.08,0.33,-0.77,0.54,0.11,0.03,1.29,0.08
1284,78.666,4.66,-8.09,0.05,0.36,-1.19,0.70,0.06,0.04,1.23,0.10
1285,78.699,4.76,-6.81,-0.00,0.38,-1.34,0.68,0.00,0.04,1.21,0.10
1286,78.732,4.65,-5.50,-0.05,0.41,-1.13,0.55,0.00,0.03,1.24,0.08
1287,78.766,4.36,-4.15,-0.08,0.42,-0.72,0.30,0.00,0.02,1.30,0.04
1288,78.799,4.02,-2.67,-0.10,0.43,-0.29,-0.06,0.00,0.00,1.36,0.00
1289,78.832,3.69,-1.19,-0.10,0.42,0.01,-0.72,0.00,0.00,1.40,0.00
1290,78.866,3.36,0.17,-0.09,0.39,0.18,-1.89,0.00,0.00,1.43,0.00
1291,78.899,3.05,1.47,-0.09,0.31,0.29,-3.44,0.00,0.00,1.44,0.00
1292,78.933,2.78,2.51,-0.07,0.16,0.38,-4.74,0.00,0.00,1.46,0.00
1293,78.966,2.56,2.82,-0.06,-0.03,0.46,-4.98,0.00,0.00,1.47,0.00
1294,78.999,2.37,2.20,-0.04,-0.21,0.51,-3.89,0.00,0.00,1.47,0.00
1295,79.033,2.25,1.06,-0.02,-0.31,0.50,-2.04,0.00,0.00,1.47,0.00
1296,79.066,2.22,-0.12,-0.01,-0.33,0.45,-0.34,0.00,0.00,1.47,0.00
1297,79.099,2.23,-1.21,0.01,-0.31,0.37,0.70,0.01,0.00,1.45,0.10
1298,79.132,2.26,-2.24,0.02,-0.28,0.27,1.14,0.02,0.00,1.44,0.16
1299,79.166,2.33,-3.12,0.02,-0.23,0.16,1.23,0.04,0.00,1.42,0.18
1300,79.199,2.44,-3.79,0.03,-0.19,0.05,1.16,0.04,0.00,1.41,0.17
1301,79.233,2.55,-4.33,0.03,-0.16,-0.02,1.08,0.04,0.00,1.40,0.15
1302,79.266,2.62,-4.81,0.02,-0.12,-0.07,1.16,0.03,0.00,1.39,0.17
1303,79.299,2.68,-5.20,0.02,-0.08,-0.18,1.36,0.03,0.00,1.38,0.19
1304,79.333,2.78,-5.42,0.02,-0.03,-0.40,1.44,0.02,0.00,1.34,0.21
1305,79.366,2.85,-5.40,-0.00,0.02,-0.66,1.30,0.00,0.00,1.31,0.19
1306,79.399,2.80,-5.21,-0.03,0.06,-0.85,1.08,0.00,0.01,1.28,0.15
1307,79.433,2.64,-4.94,-0.06,0.09,-0.87,1.01,0.00,0.01,1.28,0.14
1308,79.466,2.38,-4.65,-0.09,0.12,-0.62,1.11,0.00,0.02,1.31,0.16
1309,79.499,2.02,-4.22,-0.11,0.16,-0.03,1.12,0.00,0.03,1.40,0.16
1310,79.533,1.57,-3.57,-0.10,0.21,0.78,0.76,0.00,0.02,1.51,0.11
1311,79.566,1.18,-2.75,-0.06,0.22,1.36,0.10,0.00,0.00,1.60,0.01
1312,79.600,1.08,-1.94,0.01,0.21,1.21,-0.45,0.01,0.00,1.57,0.00
1313,79.633,1.32,-1.29,0.05,0.18,0.35,-0.50,0.07,0.00,1.45,0.00
1314,79.666,1.64,-0.79,0.03,0.16,-0.51,-0.11,0.04,0.00,1.33,0.00
1315,79.699,1.69,-0.32,-0.01,0.17,-0.70,0.21,0.00,0.01,1.30,0.03
1316,79.733,1.44,0.29,-0.03,0.20,-0.27,-0.12,0.00,0.00,1.36,0.00
1317,79.766,1.24,1.07,-0.02,0.19,0.17,-1.03,0.00,0.00,1.43,0.00
1318,79.799,1.28,1.78,-0.01,0.13,0.20,-1.86,0.00,0.00,1.43,0.00
1319,79.833,1.36,2.05,-0.00,0.04,-0.01,-1.96,0.00,0.00,1.40,0.00
1320,79.866,1.28,1.91,-0.02,-0.03,-0.09,-1.26,0.00,0.00,1.39,0.00
1321,79.900,1.16,1.66,-0.02,-0.05,0.09,-0.23,0.00,0.00,1.41,0.00
1322,79.933,1.12,1.50,-0.01,-0.03,0.31,0.55,0.00,0.00,1.45,0.08
1323,79.966,1.11,1.43,0.01,-0.00,0.29,0.80,0.01,0.00,1.44,0.11
1324,80.000,1.16,1.47,0.02,0.03,0.01,0.56,0.02,0.00,1.40,0.08
1325,80.033,1.27,1.67,0.01,0.04,-0.31,0.09,0.02,0.00,1.36,0.01
1326,80.066,1.32,1.88,-0.01,0.04,-0.44,-0.30,0.00,0.00,1.34,0.00
1327,80.100,1.22,1.96,-0.03,0.01,-0.28,-0.38,0.00,0.00,1.36,0.00
1328,80.133,1.04,1.91,-0.03,0.00,0.04,-0.17,0.00,0.00,1.41,0.00
1329,80.166,0.95,1.88,-0.02,0.00,0.26,0.07,0.00,0.00,1.44,0.01
1330,80.200,0.93,1.92,-0.01,0.01,0.27,0.11,0.00,0.00,1.44,0.02
1331,80.233,0.92,2.00,-0.00,0.02,0.13,-0.04,0.00,0.00,1.42,0.00
1332,80.266,0.93,2.06,-0.00,0.01,0.03,-0.18,0.00,0.00,1.41,0.00
1333,80.300,0.94,2.07,-0.00,-0.00,0.03,-0.20,0.00,0.00,1.41,0.00
1334,80.333,0.91,2.03,0.00,-0.01,0.03,-0.13,0.00,0.00,1.41,0.00
1335,80.366,0.92,2.00,0.00,-0.01,-0.01,-0.07,0.00,0.00,1.40,0.00
1336,80.400,0.96,1.98,0.00,-0.01,-0.07,-0.07,0.00,0.00,1.39,0.00
1337,80.433,0.97,1.95,-0.00,-0.01,-0.10,-0.06,0.00,0.00,1.39,0.00
1338,80.466,0.92,1.90,-0.01,-0.02,-0.09,-0.00,0.00,0.00,1.39,0.00
1339,80.500,0.89,1.83,-0.01,-0.01,-0.03,0.09,0.00,0.00,1.40,0.01
1340,80.533,0.88,1.78,-0.01,-0.01,0.04,0.19,0.00,0.00,1.41,0.03
1341,80.567,0.84,1.77,-0.01,-0.00,0.12,0.23,0.00,0.00,1.42,0.03
1342,80.600,0.80,1.79,-0.00,0.01,0.20,0.18,0.00,0.00,1.43,0.03
1343,80.633,0.81,1.82,0.01,0.01,0.25,0.03,0.01,0.00,1.44,0.00
1344,80.667,0.87,1.89,0.02,0.01,0.19,-0.13,0.03,0.00,1.43,0.00
1345,80.700,0.94,1.94,0.02,0.00,0.05,-0.18,0.03,0.00,1.41,0.00
1346,80.733,1.04,1.92,0.02,-0.01,-0.09,-0.08,0.03,0.00,1.39,0.00
1347,80.767,1.11,1.85,0.02,-0.01,-0.18,0.06,0.02,0.00,1.38,0.01
1348,80.800,1.14,1.84,0.01,0.00,-0.17,0.11,0.01,0.00,1.38,0.02
1349,80.833,1.15,1.90,0.00,0.01,-0.09,0.02,0.00,0.00,1.39,0.00
1350,80.867,1.15,1.94,0.00,0.00,0.01,-0.09,0.00,0.00,1.40,0.00
1351,80.900,1.14,1.93,0.00,-0.00,0.07,-0.11,0.00,0.00,1.41,0.00
1352,80.933,1.16,1.89,0.01,-0.01,0.06,-0.04,0.01,0.00,1.41,0.00
1353,80.967,1.20,1.87,0.01,-0.00,-0.03,0.01,0.01,0.00,1.40,0.00
1354,81.000,1.24,1.88,0.01,-0.00,-0.13,0.01,0.01,0.00,1.38,0.00
1355,81.033,1.25,1.88,-0.00,-0.00,-0.18,0.02,0.00,0.00,1.38,0.00
1356,81.067,1.22,1.85,-0.01,-0.00,-0.22,0.06,0.00,0.00,1.37,0.01
1357,81.100,1.18,1.82,-0.01,0.00,-0.27,0.09,0.00,0.00,1.36,0.01
1358,81.133,1.15,1.85,-0.02,0.00,-0.26,0.06,0.00,0.00,1.36,0.01
1359,81.167,1.05,1.89,-0.04,0.01,-0.10,-0.02,0.00,0.00,1.39,0.00
1360,81.200,0.87,1.90,-0.04,0.00,0.20,-0.12,0.00,0.00,1.43,0.00
1361,81.234,0.71,1.90,-0.02,-0.00,0.40,-0.19,0.00,0.00,1.46,0.00
1362,81.267,0.69,1.90,-0.00,-0.01,0.33,-0.14,0.00,0.00,1.45,0.00
1363,81.300,0.79,1.84,0.01,-0.02,0.05,0.00,0.01,0.00,1.41,0.00
1364,81.333,0.83,1.74,-0.00,-0.01,-0.19,0.15,0.00,0.00,1.37,0.02
1365,81.367,0.77,1.71,-0.01,-0.00,-0.23,0.18,0.00,0.00,1.37,0.03
1366,81.400,0.69,1.76,-0.02,0.01,-0.15,0.08,0.00,0.00,1.38,0.01
1367,81.434,0.65,1.80,-0.02,0.00,-0.08,-0.03,0.00,0.00,1.39,0.00
1368,81.467,0.60,1.78,-0.02,-0.00,0.03,-0.03,0.00,0.00,1.41,0.00
1369,81.500,0.49,1.75,-0.02,-0.00,0.24,0.03,0.00,0.00,1.44,0.00
1370,81.534,0.38,1.76,-0.01,0.00,0.48,0.05,0.00,0.00,1.47,0.01
1371,81.567,0.37,1.80,0.01,0.00,0.55,0.02,0.02,0.00,1.48,0.00
1372,81.600,0.49,1.81,0.04,0.00,0.32,0.01,0.05,0.00,1.45,0.00
1373,81.634,0.68,1.80,0.04,0.00,-0.04,0.04,0.06,0.00,1.40,0.01
1374,81.667,0.83,1.81,0.03,0.01,-0.32,0.08,0.04,0.00,1.36,0.01
1375,81.700,0.88,1.85,0.01,0.01,-0.36,0.07,0.02,0.00,1.35,0.01
1376,81.734,0.88,1.89,0.00,0.01,-0.23,-0.00,0.00,0.00,1.37,0.00
1377,81.767,0.86,1.94,-0.00,0.01,-0.06,-0.08,0.00,0.00,1.39,0.00
1378,81.800,0.85,1.97,-0.00,0.01,0.03,-0.11,0.00,0.00,1.41,0.00
1379,81.834,0.85,1.97,0.00,0.00,0.02,-0.10,0.00,0.00,1.40,0.00
1380,81.867,0.87,1.97,0.00,-0.00,-0.04,-0.08,0.00,0.00,1.40,0.00
1381,81.901,0.88,1.96,-0.00,-0.00,-0.09,-0.05,0.00,0.00,1.39,0.00
1382,81.934,0.86,1.96,-0.01,-0.00,-0.10,-0.02,0.00,0.00,1.39,0.00
1383,81.967,0.83,1.93,-0.01,-0.01,-0.06,0.04,0.00,0.00,1.39,0.01
1384,82.000,0.79,1.90,-0.01,-0.00,0.04,0.11,0.00,0.00,1.41,0.02
1385,82.034,0.75,1.90,-0.01,0.00,0.13,0.13,0.00,0.00,1.42,0.02
1386,82.067,0.72,1.92,-0.00,0.01,0.16,0.05,0.00,0.00,1.42,0.01
1387,82.100,0.74,1.97,0.01,0.01,0.10,-0.07,0.01,0.00,1.42,0.00
1388,82.134,0.79,2.01,0.01,0.00,0.01,-0.11,0.01,0.00,1.40,0.00
1389,82.167,0.82,1.99,0.01,-0.00,-0.07,-0.03,0.01,0.00,1.39,0.00
1390,82.201,0.81,1.94,0.00,-0.00,-0.10,0.08,0.00,0.00,1.39,0.01
1391,82.234,0.82,1.94,-0.00,0.01,-0.07,0.09,0.00,0.00,1.39,0.01
1392,82.267,0.82,2.00,-0.00,0.01,-0.01,-0.02,0.00,0.00,1.40,0.00
1393,82.301,0.78,2.04,-0.00,0.00,0.07,-0.15,0.00,0.00,1.41,0.00
1394,82.334,0.76,2.03,0.00,-0.01,0.12,-0.19,0.00,0.00,1.42,0.00
1395,82.367,0.78,1.99,0.01,-0.01,0.08,-0.11,0.01,0.00,1.41,0.00
1396,82.401,0.83,1.94,0.01,-0.01,-0.02,0.01,0.01,0.00,1.40,0.00
1397,82.434,0.86,1.89,0.00,-0.01,-0.09,0.10,0.01,0.00,1.39,0.01
1398,82.467,0.86,1.86,-0.00,-0.01,-0.07,0.12,0.00,0.00,1.39,0.02
1399,82.501,0.84,1.86,-0.00,-0.00,-0.01,0.09,0.00,0.00,1.40,0.01
1400,82.534,0.83,1.87,0.00,0.00,0.02,0.04,0.00,0.00,1.41,0.01
1401,82.567,0.85,1.87,0.00,0.00,-0.00,0.01,0.00,0.00,1.40,0.00
1402,82.601,0.86,1.87,0.00,0.00,-0.06,0.00,0.00,0.00,1.39,0.00
1403,82.634,0.86,1.87,-0.00,0.00,-0.09,0.01,0.00,0.00,1.39,0.00
1404,82.667,0.84,1.88,-0.01,0.00,-0.05,0.01,0.00,0.00,1.39,0.00
1405,82.701,0.82,1.88,-0.01,0.00,0.02,-0.00,0.00,0.00,1.40,0.00
1406,82.734,0.78,1.89,-0.01,0.00,0.09,-0.03,0.00,0.00,1.41,0.00
1407,82.767,0.76,1.90,0.00,-0.00,0.10,-0.05,0.00,0.00,1.42,0.00
1408,82.801,0.79,1.90,0.00,-0.00,0.04,-0.03,0.01,0.00,1.41,0.00
1409,82.834,0.82,1.88,0.00,-0.00,-0.02,0.02,0.00,0.00,1.40,0.00
1410,82.868,0.81,1.85,0.00,-0.00,-0.04,0.06,0.00,0.00,1.40,0.01
1411,82.901,0.80,1.85,-0.00,0.00,-0.03,0.05,0.00,0.00,1.40,0.01
1412,82.934,0.80,1.89,-0.00,0.00,-0.04,0.03,0.00,0.00,1.40,0.00
1413,82.968,0.81,1.90,-0.00,0.00,-0.08,0.04,0.00,0.00,1.39,0.01
1414,83.001,0.81,1.88,-0.01,0.01,-0.11,0.06,0.00,0.00,1.39,0.01
1415,83.034,0.78,1.89,-0.01,0.01,-0.11,0.06,0.00,0.00,1.39,0.01
